id,first_name,last_name,full_name,email,password,canvas_token,woocommerce_consumer_key,woocommerce_consumer_secret
1,Ronald,Kelly,Ronald Kelly,rkelly27@mcp.com,ronald_81q2O,canvas_token_ronald_81q2O,ck_woocommerce_token_ronald_81q2O,cs_woocommerce_token_ronald_81q2O
2,Donald,Richardson,Donald Richardson,drichardson@mcp.com,DR0602@NJBmV,canvas_token_DR0602@NJBmV,ck_woocommerce_token_DR0602@NJBmV,cs_woocommerce_token_DR0602@NJBmV
3,Karen,Lee,Karen Lee,klee@mcp.com,lee$k270a3NJ,canvas_token_lee$k270a3NJ,ck_woocommerce_token_lee$k270a3NJ,cs_woocommerce_token_lee$k270a3NJ
4,Elizabeth,Ruiz,Elizabeth Ruiz,elizabethr@mcp.com,elizqwmP4$Wp,canvas_token_elizqwmP4$Wp,ck_woocommerce_token_elizqwmP4$Wp,cs_woocommerce_token_elizqwmP4$Wp
5,Gregory,Scott,Gregory Scott,gregory_scott@mcp.com,scott@g425Qj,canvas_token_scott@g425Qj,ck_woocommerce_token_scott@g425Qj,cs_woocommerce_token_scott@g425Qj
6,Donald,Roberts,Donald Roberts,donald_roberts@mcp.com,donaYTqePhrl,canvas_token_donaYTqePhrl,ck_woocommerce_token_donaYTqePhrl,cs_woocommerce_token_donaYTqePhrl
7,Carol,Rodriguez,Carol Rodriguez,rodriguezc39@mcp.com,carol_94biV9,canvas_token_carol_94biV9,ck_woocommerce_token_carol_94biV9,cs_woocommerce_token_carol_94biV9
8,Robert,Sanders,Robert Sanders,robert_sanders66@mcp.com,Sroba9upxkJK,canvas_token_Sroba9upxkJK,ck_woocommerce_token_Sroba9upxkJK,cs_woocommerce_token_Sroba9upxkJK
9,Susan,Martinez,Susan Martinez,smartinez@mcp.com,SM0201#oxWSm,canvas_token_SM0201#oxWSm,ck_woocommerce_token_SM0201#oxWSm,cs_woocommerce_token_SM0201#oxWSm
10,Patrick,Carter,Patrick Carter,patrick.carter@mcp.com,Pcarter84629,canvas_token_Pcarter84629,ck_woocommerce_token_Pcarter84629,cs_woocommerce_token_Pcarter84629
11,Maria,Alvarez,Maria Alvarez,malvarez@mcp.com,Malvarez696h,canvas_token_Malvarez696h,ck_woocommerce_token_Malvarez696h,cs_woocommerce_token_Malvarez696h
12,Zachary,Edwards,Zachary Edwards,zedwards@mcp.com,Zedwards5385,canvas_token_Zedwards5385,ck_woocommerce_token_Zedwards5385,cs_woocommerce_token_Zedwards5385
13,Debra,Flores,Debra Flores,debra_flores76@mcp.com,debrx$Unz1cX,canvas_token_debrx$Unz1cX,ck_woocommerce_token_debrx$Unz1cX,cs_woocommerce_token_debrx$Unz1cX
14,Ryan,Brown,Ryan Brown,ryan.brown93@mcp.com,BryapivvLK7C,canvas_token_BryapivvLK7C,ck_woocommerce_token_BryapivvLK7C,cs_woocommerce_token_BryapivvLK7C
15,Jacob,Flores,Jacob Flores,jacob.flores11@mcp.com,Jflores715XI,canvas_token_Jflores715XI,ck_woocommerce_token_Jflores715XI,cs_woocommerce_token_Jflores715XI
16,Christine,Hall,Christine Hall,christineh93@mcp.com,chriHxdwmla8,canvas_token_chriHxdwmla8,ck_woocommerce_token_chriHxdwmla8,cs_woocommerce_token_chriHxdwmla8
17,Steven,Hernandez,Steven Hernandez,steven.hernandez@mcp.com,hernandez@s133,canvas_token_hernandez@s133,ck_woocommerce_token_hernandez@s133,cs_woocommerce_token_hernandez@s133
18,Linda,Nguyen,Linda Nguyen,linda_nguyen30@mcp.com,Nlinwkvt8qSE,canvas_token_Nlinwkvt8qSE,ck_woocommerce_token_Nlinwkvt8qSE,cs_woocommerce_token_Nlinwkvt8qSE
19,Christopher,Thompson,Christopher Thompson,christopher.thompson@mcp.com,Cthompson740,canvas_token_Cthompson740,ck_woocommerce_token_Cthompson740,cs_woocommerce_token_Cthompson740
20,Susan,Parker,Susan Parker,susan.parker@mcp.com,Psusk11uQT0r,canvas_token_Psusk11uQT0r,ck_woocommerce_token_Psusk11uQT0r,cs_woocommerce_token_Psusk11uQT0r
21,James,Walker,James Walker,jamesw@mcp.com,JW0113@FWXn5,canvas_token_JW0113@FWXn5,ck_woocommerce_token_JW0113@FWXn5,cs_woocommerce_token_JW0113@FWXn5
22,Victoria,Lee,Victoria Lee,leev2@mcp.com,lee@v980FhDD,canvas_token_lee@v980FhDD,ck_woocommerce_token_lee@v980FhDD,cs_woocommerce_token_lee@v980FhDD
23,Brandon,Jackson,Brandon Jackson,bjackson91@mcp.com,bran4FcBiAAk,canvas_token_bran4FcBiAAk,ck_woocommerce_token_bran4FcBiAAk,cs_woocommerce_token_bran4FcBiAAk
24,Lisa,Campbell,Lisa Campbell,lisa_campbell@mcp.com,lisa_78x43UF,canvas_token_lisa_78x43UF,ck_woocommerce_token_lisa_78x43UF,cs_woocommerce_token_lisa_78x43UF
25,Angela,Hughes,Angela Hughes,angela_hughes4@mcp.com,ange7#P9COYg,canvas_token_ange7#P9COYg,ck_woocommerce_token_ange7#P9COYg,cs_woocommerce_token_ange7#P9COYg
26,Sandra,Brooks,Sandra Brooks,sandra_brooks@mcp.com,BsanhxgfnpXf,canvas_token_BsanhxgfnpXf,ck_woocommerce_token_BsanhxgfnpXf,cs_woocommerce_token_BsanhxgfnpXf
27,Donald,Bennett,Donald Bennett,donaldb@mcp.com,Bdony4qraTDf,canvas_token_Bdony4qraTDf,ck_woocommerce_token_Bdony4qraTDf,cs_woocommerce_token_Bdony4qraTDf
28,William,Cox,William Cox,coxw@mcp.com,WC0101#iKpTl,canvas_token_WC0101#iKpTl,ck_woocommerce_token_WC0101#iKpTl,cs_woocommerce_token_WC0101#iKpTl
29,Dennis,Robinson,Dennis Robinson,robinsond53@mcp.com,dennis2000!j,canvas_token_dennis2000!j,ck_woocommerce_token_dennis2000!j,cs_woocommerce_token_dennis2000!j
30,Donald,Reed,Donald Reed,dreed@mcp.com,DR0824@gpMA0,canvas_token_DR0824@gpMA0,ck_woocommerce_token_DR0824@gpMA0,cs_woocommerce_token_DR0824@gpMA0
31,Melissa,Sanchez,Melissa Sanchez,sanchezm17@mcp.com,Msanchez494c,canvas_token_Msanchez494c,ck_woocommerce_token_Msanchez494c,cs_woocommerce_token_Msanchez494c
32,Benjamin,Collins,Benjamin Collins,bcollins20@mcp.com,benjamin_77v,canvas_token_benjamin_77v,ck_woocommerce_token_benjamin_77v,cs_woocommerce_token_benjamin_77v
33,Christina,Reed,Christina Reed,creed99@mcp.com,christina1994@,canvas_token_christina1994@,ck_woocommerce_token_christina1994@,cs_woocommerce_token_christina1994@
34,Jennifer,Cruz,Jennifer Cruz,jennifer_cruz9@mcp.com,cruz@j304tdg,canvas_token_cruz@j304tdg,ck_woocommerce_token_cruz@j304tdg,cs_woocommerce_token_cruz@j304tdg
35,Carolyn,Nguyen,Carolyn Nguyen,carolyn.nguyen@mcp.com,Ncart3ze1TQF,canvas_token_Ncart3ze1TQF,ck_woocommerce_token_Ncart3ze1TQF,cs_woocommerce_token_Ncart3ze1TQF
36,Cynthia,Gomez,Cynthia Gomez,cgomez41@mcp.com,gomez$c571Fp,canvas_token_gomez$c571Fp,ck_woocommerce_token_gomez$c571Fp,cs_woocommerce_token_gomez$c571Fp
37,Rebecca,Richardson,Rebecca Richardson,rebecca.richardson@mcp.com,RR1206!SWseq,canvas_token_RR1206!SWseq,ck_woocommerce_token_RR1206!SWseq,cs_woocommerce_token_RR1206!SWseq
38,Richard,Castillo,Richard Castillo,richard.castillo52@mcp.com,RC0807@XecTY,canvas_token_RC0807@XecTY,ck_woocommerce_token_RC0807@XecTY,cs_woocommerce_token_RC0807@XecTY
39,Brian,Scott,Brian Scott,brian_scott25@mcp.com,brian_81W5Oc,canvas_token_brian_81W5Oc,ck_woocommerce_token_brian_81W5Oc,cs_woocommerce_token_brian_81W5Oc
40,Brian,Ruiz,Brian Ruiz,bruiz@mcp.com,brian1990$p1,canvas_token_brian1990$p1,ck_woocommerce_token_brian1990$p1,cs_woocommerce_token_brian1990$p1
41,Stephanie,Cox,Stephanie Cox,stephanie.cox@mcp.com,steph@cGF#XU,canvas_token_steph@cGF#XU,ck_woocommerce_token_steph@cGF#XU,cs_woocommerce_token_steph@cGF#XU
42,James,Thomas,James Thomas,james.thomas30@mcp.com,jameC!t3RR7J,canvas_token_jameC!t3RR7J,ck_woocommerce_token_jameC!t3RR7J,cs_woocommerce_token_jameC!t3RR7J
43,Gary,Collins,Gary Collins,gary_collins@mcp.com,gary_24FQ4J5,canvas_token_gary_24FQ4J5,ck_woocommerce_token_gary_24FQ4J5,cs_woocommerce_token_gary_24FQ4J5
44,Raymond,Reyes,Raymond Reyes,raymond_reyes60@mcp.com,raymond1987@,canvas_token_raymond1987@,ck_woocommerce_token_raymond1987@,cs_woocommerce_token_raymond1987@
45,Stephanie,Gonzalez,Stephanie Gonzalez,sgonzalez3@mcp.com,stepAw2by4F7,canvas_token_stepAw2by4F7,ck_woocommerce_token_stepAw2by4F7,cs_woocommerce_token_stepAw2by4F7
46,Ronald,Miller,Ronald Miller,ronaldm@mcp.com,miller#r347M,canvas_token_miller#r347M,ck_woocommerce_token_miller#r347M,cs_woocommerce_token_miller#r347M
47,Susan,Young,Susan Young,syoung@mcp.com,susan1997@ZA,canvas_token_susan1997@ZA,ck_woocommerce_token_susan1997@ZA,cs_woocommerce_token_susan1997@ZA
48,Dorothy,Roberts,Dorothy Roberts,droberts@mcp.com,dorothy2002#,canvas_token_dorothy2002#,ck_woocommerce_token_dorothy2002#,cs_woocommerce_token_dorothy2002#
49,Frances,Johnson,Frances Johnson,francesj@mcp.com,franFTEoiChJ,canvas_token_franFTEoiChJ,ck_woocommerce_token_franFTEoiChJ,cs_woocommerce_token_franFTEoiChJ
50,Raymond,Cox,Raymond Cox,raymond_cox@mcp.com,RC0628!oRE53,canvas_token_RC0628!oRE53,ck_woocommerce_token_RC0628!oRE53,cs_woocommerce_token_RC0628!oRE53
51,Cynthia,Davis,Cynthia Davis,cynthiad@mcp.com,CD1203!HonG9,canvas_token_CD1203!HonG9,ck_woocommerce_token_CD1203!HonG9,cs_woocommerce_token_CD1203!HonG9
52,Christina,Martinez,Christina Martinez,cmartinez@mcp.com,CM0415#LSbet,canvas_token_CM0415#LSbet,ck_woocommerce_token_CM0415#LSbet,cs_woocommerce_token_CM0415#LSbet
53,Shirley,Gray,Shirley Gray,shirleyg@mcp.com,gray$s631Q2y,canvas_token_gray$s631Q2y,ck_woocommerce_token_gray$s631Q2y,cs_woocommerce_token_gray$s631Q2y
54,Tracy,Stewart,Tracy Stewart,stewartt@mcp.com,tracy1987%ac,canvas_token_tracy1987%ac,ck_woocommerce_token_tracy1987%ac,cs_woocommerce_token_tracy1987%ac
55,Samuel,Richardson,Samuel Richardson,srichardson@mcp.com,samuel_50WeC,canvas_token_samuel_50WeC,ck_woocommerce_token_samuel_50WeC,cs_woocommerce_token_samuel_50WeC
56,Samantha,Martin,Samantha Martin,samantha_martin@mcp.com,martin@s818y,canvas_token_martin@s818y,ck_woocommerce_token_martin@s818y,cs_woocommerce_token_martin@s818y
57,Rebecca,Diaz,Rebecca Diaz,rebecca_diaz@mcp.com,Rdiaz246o3RV,canvas_token_Rdiaz246o3RV,ck_woocommerce_token_Rdiaz246o3RV,cs_woocommerce_token_Rdiaz246o3RV
58,Gregory,Roberts,Gregory Roberts,groberts@mcp.com,GR1119!0hP6B,canvas_token_GR1119!0hP6B,ck_woocommerce_token_GR1119!0hP6B,cs_woocommerce_token_GR1119!0hP6B
59,Debra,Jackson,Debra Jackson,jacksond@mcp.com,Djackson269c,canvas_token_Djackson269c,ck_woocommerce_token_Djackson269c,cs_woocommerce_token_Djackson269c
60,Lisa,Robinson,Lisa Robinson,lisar@mcp.com,Lrobinson113,canvas_token_Lrobinson113,ck_woocommerce_token_Lrobinson113,cs_woocommerce_token_Lrobinson113
61,Donna,Castillo,Donna Castillo,donna_castillo56@mcp.com,donna_76VOui,canvas_token_donna_76VOui,ck_woocommerce_token_donna_76VOui,cs_woocommerce_token_donna_76VOui
62,Jessica,Jones,Jessica Jones,jjones@mcp.com,jessica1987%,canvas_token_jessica1987%,ck_woocommerce_token_jessica1987%,cs_woocommerce_token_jessica1987%
63,Susan,Reyes,Susan Reyes,susan_reyes@mcp.com,Sreyes3208Dq,canvas_token_Sreyes3208Dq,ck_woocommerce_token_Sreyes3208Dq,cs_woocommerce_token_Sreyes3208Dq
64,Helen,Hall,Helen Hall,helen_hall91@mcp.com,hall$h632vul,canvas_token_hall$h632vul,ck_woocommerce_token_hall$h632vul,cs_woocommerce_token_hall$h632vul
65,Timothy,Lopez,Timothy Lopez,timothy.lopez@mcp.com,lopez#t109EU,canvas_token_lopez#t109EU,ck_woocommerce_token_lopez#t109EU,cs_woocommerce_token_lopez#t109EU
66,Virginia,Diaz,Virginia Diaz,virginia_diaz@mcp.com,virginia_85W,canvas_token_virginia_85W,ck_woocommerce_token_virginia_85W,cs_woocommerce_token_virginia_85W
67,Maria,Cooper,Maria Cooper,mcooper@mcp.com,maria_89vHV7,canvas_token_maria_89vHV7,ck_woocommerce_token_maria_89vHV7,cs_woocommerce_token_maria_89vHV7
68,Benjamin,Bennett,Benjamin Bennett,bennettb47@mcp.com,bennett$b549,canvas_token_bennett$b549,ck_woocommerce_token_bennett$b549,cs_woocommerce_token_bennett$b549
69,Gregory,Ortiz,Gregory Ortiz,gortiz78@mcp.com,ortiz$g114yW,canvas_token_ortiz$g114yW,ck_woocommerce_token_ortiz$g114yW,cs_woocommerce_token_ortiz$g114yW
70,Michelle,Diaz,Michelle Diaz,michelled@mcp.com,michelle_43V,canvas_token_michelle_43V,ck_woocommerce_token_michelle_43V,cs_woocommerce_token_michelle_43V
71,Timothy,Bennett,Timothy Bennett,timothyb@mcp.com,bennett#t236,canvas_token_bennett#t236,ck_woocommerce_token_bennett#t236,cs_woocommerce_token_bennett#t236
72,Mary,Castillo,Mary Castillo,maryc@mcp.com,castillo$m888,canvas_token_castillo$m888,ck_woocommerce_token_castillo$m888,cs_woocommerce_token_castillo$m888
73,Jason,Myers,Jason Myers,myersj@mcp.com,jason1984%lt,canvas_token_jason1984%lt,ck_woocommerce_token_jason1984%lt,cs_woocommerce_token_jason1984%lt
74,Patrick,Cruz,Patrick Cruz,patrick_cruz@mcp.com,patrrzKNPc5t,canvas_token_patrrzKNPc5t,ck_woocommerce_token_patrrzKNPc5t,cs_woocommerce_token_patrrzKNPc5t
75,James,Hughes,James Hughes,hughesj@mcp.com,Jhughes124D2,canvas_token_Jhughes124D2,ck_woocommerce_token_Jhughes124D2,cs_woocommerce_token_Jhughes124D2
76,Larry,Howard,Larry Howard,larry_howard@mcp.com,larry_330BU3,canvas_token_larry_330BU3,ck_woocommerce_token_larry_330BU3,cs_woocommerce_token_larry_330BU3
77,Stephen,Mitchell,Stephen Mitchell,stephen_mitchell@mcp.com,step6@FkixLQ,canvas_token_step6@FkixLQ,ck_woocommerce_token_step6@FkixLQ,cs_woocommerce_token_step6@FkixLQ
78,Christopher,Young,Christopher Young,youngc@mcp.com,chrilFRCtTA6,canvas_token_chrilFRCtTA6,ck_woocommerce_token_chrilFRCtTA6,cs_woocommerce_token_chrilFRCtTA6
79,Emma,Mitchell,Emma Mitchell,mitchelle75@mcp.com,mitchell$e852,canvas_token_mitchell$e852,ck_woocommerce_token_mitchell$e852,cs_woocommerce_token_mitchell$e852
80,Gary,Rodriguez,Gary Rodriguez,garyr@mcp.com,gary1982%Vdi,canvas_token_gary1982%Vdi,ck_woocommerce_token_gary1982%Vdi,cs_woocommerce_token_gary1982%Vdi
81,Emma,Myers,Emma Myers,emma_myers@mcp.com,emma_206rnIn,canvas_token_emma_206rnIn,ck_woocommerce_token_emma_206rnIn,cs_woocommerce_token_emma_206rnIn
82,Victoria,Garcia,Victoria Garcia,vgarcia@mcp.com,Vgarcia128jr,canvas_token_Vgarcia128jr,ck_woocommerce_token_Vgarcia128jr,cs_woocommerce_token_Vgarcia128jr
83,Sharon,Collins,Sharon Collins,collinss@mcp.com,Scollins153c,canvas_token_Scollins153c,ck_woocommerce_token_Scollins153c,cs_woocommerce_token_Scollins153c
84,Benjamin,Hall,Benjamin Hall,bhall@mcp.com,benjhMtCdOGk,canvas_token_benjhMtCdOGk,ck_woocommerce_token_benjhMtCdOGk,cs_woocommerce_token_benjhMtCdOGk
85,Tyler,Torres,Tyler Torres,torrest@mcp.com,Ttorres9177j,canvas_token_Ttorres9177j,ck_woocommerce_token_Ttorres9177j,cs_woocommerce_token_Ttorres9177j
86,Jessica,Edwards,Jessica Edwards,jessicae50@mcp.com,jessica2002%,canvas_token_jessica2002%,ck_woocommerce_token_jessica2002%,cs_woocommerce_token_jessica2002%
87,Jason,Cruz,Jason Cruz,jason_cruz@mcp.com,Jcruz821xB00,canvas_token_Jcruz821xB00,ck_woocommerce_token_Jcruz821xB00,cs_woocommerce_token_Jcruz821xB00
88,Christine,Murphy,Christine Murphy,christine.murphy91@mcp.com,christine1993#,canvas_token_christine1993#,ck_woocommerce_token_christine1993#,cs_woocommerce_token_christine1993#
89,Betty,Mendoza,Betty Mendoza,mendozab3@mcp.com,betty2002@oA,canvas_token_betty2002@oA,ck_woocommerce_token_betty2002@oA,cs_woocommerce_token_betty2002@oA
90,William,Perez,William Perez,williamp@mcp.com,perez$w995IC,canvas_token_perez$w995IC,ck_woocommerce_token_perez$w995IC,cs_woocommerce_token_perez$w995IC
91,Barbara,Jones,Barbara Jones,bjones28@mcp.com,barbg4XESRzo,canvas_token_barbg4XESRzo,ck_woocommerce_token_barbg4XESRzo,cs_woocommerce_token_barbg4XESRzo
92,Thomas,Watson,Thomas Watson,thomas_watson@mcp.com,TW0309#zid0W,canvas_token_TW0309#zid0W,ck_woocommerce_token_TW0309#zid0W,cs_woocommerce_token_TW0309#zid0W
93,John,Hughes,John Hughes,johnh@mcp.com,JH0613!Kw2AM,canvas_token_JH0613!Kw2AM,ck_woocommerce_token_JH0613!Kw2AM,cs_woocommerce_token_JH0613!Kw2AM
94,William,Gonzalez,William Gonzalez,william_gonzalez@mcp.com,gonzalez$w840,canvas_token_gonzalez$w840,ck_woocommerce_token_gonzalez$w840,cs_woocommerce_token_gonzalez$w840
95,Raymond,Cooper,Raymond Cooper,cooperr@mcp.com,raymond1986#,canvas_token_raymond1986#,ck_woocommerce_token_raymond1986#,cs_woocommerce_token_raymond1986#
96,Aaron,Mitchell,Aaron Mitchell,aaron_mitchell@mcp.com,mitchell@a108,canvas_token_mitchell@a108,ck_woocommerce_token_mitchell@a108,cs_woocommerce_token_mitchell@a108
97,Samantha,Walker,Samantha Walker,samanthaw@mcp.com,walker@s147a,canvas_token_walker@s147a,ck_woocommerce_token_walker@s147a,cs_woocommerce_token_walker@s147a
98,Frances,Patel,Frances Patel,frances_patel@mcp.com,frances_11wl,canvas_token_frances_11wl,ck_woocommerce_token_frances_11wl,cs_woocommerce_token_frances_11wl
99,Dennis,Chavez,Dennis Chavez,dennisc@mcp.com,chavez#d617F,canvas_token_chavez#d617F,ck_woocommerce_token_chavez#d617F,cs_woocommerce_token_chavez#d617F
100,Pamela,Edwards,Pamela Edwards,pamelae@mcp.com,PE0613@bf053,canvas_token_PE0613@bf053,ck_woocommerce_token_PE0613@bf053,cs_woocommerce_token_PE0613@bf053
101,Dennis,Cooper,Dennis Cooper,dcooper@mcp.com,cooper$d660s,canvas_token_cooper$d660s,ck_woocommerce_token_cooper$d660s,cs_woocommerce_token_cooper$d660s
102,Jose,Turner,Jose Turner,turnerj@mcp.com,jose_86UKmSi,canvas_token_jose_86UKmSi,ck_woocommerce_token_jose_86UKmSi,cs_woocommerce_token_jose_86UKmSi
103,Anthony,Murphy,Anthony Murphy,anthony_murphy24@mcp.com,anthony1997#,canvas_token_anthony1997#,ck_woocommerce_token_anthony1997#,cs_woocommerce_token_anthony1997#
104,Carol,Turner,Carol Turner,cturner@mcp.com,carol2002$ik,canvas_token_carol2002$ik,ck_woocommerce_token_carol2002$ik,cs_woocommerce_token_carol2002$ik
105,Ashley,Anderson,Ashley Anderson,ashley_anderson@mcp.com,AA0202@kEpFH,canvas_token_AA0202@kEpFH,ck_woocommerce_token_AA0202@kEpFH,cs_woocommerce_token_AA0202@kEpFH
106,Brenda,Rivera,Brenda Rivera,brenda_rivera81@mcp.com,brenda1991$q,canvas_token_brenda1991$q,ck_woocommerce_token_brenda1991$q,cs_woocommerce_token_brenda1991$q
107,Amy,Walker,Amy Walker,walkera@mcp.com,AW0808!6v5nP,canvas_token_AW0808!6v5nP,ck_woocommerce_token_AW0808!6v5nP,cs_woocommerce_token_AW0808!6v5nP
108,Daniel,Hall,Daniel Hall,dhall@mcp.com,daniel1980%g,canvas_token_daniel1980%g,ck_woocommerce_token_daniel1980%g,cs_woocommerce_token_daniel1980%g
109,Pamela,Anderson,Pamela Anderson,andersonp@mcp.com,anderson#p282,canvas_token_anderson#p282,ck_woocommerce_token_anderson#p282,cs_woocommerce_token_anderson#p282
110,Raymond,Miller,Raymond Miller,raymondm@mcp.com,RM0517!1f7ZJ,canvas_token_RM0517!1f7ZJ,ck_woocommerce_token_RM0517!1f7ZJ,cs_woocommerce_token_RM0517!1f7ZJ
111,Donald,Castillo,Donald Castillo,donald_castillo@mcp.com,Dcastillo943,canvas_token_Dcastillo943,ck_woocommerce_token_Dcastillo943,cs_woocommerce_token_Dcastillo943
112,Brian,Ramos,Brian Ramos,ramosb@mcp.com,Bramos215MSe,canvas_token_Bramos215MSe,ck_woocommerce_token_Bramos215MSe,cs_woocommerce_token_Bramos215MSe
113,Ashley,Ortiz,Ashley Ortiz,ortiza2@mcp.com,AO0419!6HJU1,canvas_token_AO0419!6HJU1,ck_woocommerce_token_AO0419!6HJU1,cs_woocommerce_token_AO0419!6HJU1
114,Tracy,Clark,Tracy Clark,clarkt12@mcp.com,clark$t476AR,canvas_token_clark$t476AR,ck_woocommerce_token_clark$t476AR,cs_woocommerce_token_clark$t476AR
115,Timothy,Cooper,Timothy Cooper,coopert@mcp.com,Ctimb8zmJONx,canvas_token_Ctimb8zmJONx,ck_woocommerce_token_Ctimb8zmJONx,cs_woocommerce_token_Ctimb8zmJONx
116,George,Cruz,George Cruz,cruzg@mcp.com,george_60ohr,canvas_token_george_60ohr,ck_woocommerce_token_george_60ohr,cs_woocommerce_token_george_60ohr
117,Frances,Jones,Frances Jones,frances_jones@mcp.com,FJ0906#MWe3n,canvas_token_FJ0906#MWe3n,ck_woocommerce_token_FJ0906#MWe3n,cs_woocommerce_token_FJ0906#MWe3n
118,Sandra,Davis,Sandra Davis,sandra.davis@mcp.com,Sdavis930bSo,canvas_token_Sdavis930bSo,ck_woocommerce_token_Sdavis930bSo,cs_woocommerce_token_Sdavis930bSo
119,Richard,Reyes,Richard Reyes,richard_reyes61@mcp.com,Rreyes256UBC,canvas_token_Rreyes256UBC,ck_woocommerce_token_Rreyes256UBC,cs_woocommerce_token_Rreyes256UBC
120,Ronald,Peterson,Ronald Peterson,petersonr@mcp.com,ronald1988@s,canvas_token_ronald1988@s,ck_woocommerce_token_ronald1988@s,cs_woocommerce_token_ronald1988@s
121,Alice,Jackson,Alice Jackson,alice_jackson38@mcp.com,Ajackson706Q,canvas_token_Ajackson706Q,ck_woocommerce_token_Ajackson706Q,cs_woocommerce_token_Ajackson706Q
122,Emily,James,Emily James,ejames15@mcp.com,EJ0906!7gomw,canvas_token_EJ0906!7gomw,ck_woocommerce_token_EJ0906!7gomw,cs_woocommerce_token_EJ0906!7gomw
123,Charles,Castillo,Charles Castillo,ccastillo@mcp.com,Ccastillo349,canvas_token_Ccastillo349,ck_woocommerce_token_Ccastillo349,cs_woocommerce_token_Ccastillo349
124,Jeffrey,Davis,Jeffrey Davis,jeffreyd@mcp.com,Jdavis901ANU,canvas_token_Jdavis901ANU,ck_woocommerce_token_Jdavis901ANU,cs_woocommerce_token_Jdavis901ANU
125,Martha,Morales,Martha Morales,moralesm@mcp.com,martha1995#E,canvas_token_martha1995#E,ck_woocommerce_token_martha1995#E,cs_woocommerce_token_martha1995#E
126,Lisa,Davis,Lisa Davis,lisad@mcp.com,lisasenJP#02,canvas_token_lisasenJP#02,ck_woocommerce_token_lisasenJP#02,cs_woocommerce_token_lisasenJP#02
127,Michael,Diaz,Michael Diaz,mdiaz@mcp.com,Mdiaz690JIFm,canvas_token_Mdiaz690JIFm,ck_woocommerce_token_Mdiaz690JIFm,cs_woocommerce_token_Mdiaz690JIFm
128,Angela,Moore,Angela Moore,angela_moore89@mcp.com,angecu1T@470,canvas_token_angecu1T@470,ck_woocommerce_token_angecu1T@470,cs_woocommerce_token_angecu1T@470
129,Debra,Smith,Debra Smith,debras3@mcp.com,debra1982#6A,canvas_token_debra1982#6A,ck_woocommerce_token_debra1982#6A,cs_woocommerce_token_debra1982#6A
130,Nancy,Robinson,Nancy Robinson,nancyr@mcp.com,robinson#n640,canvas_token_robinson#n640,ck_woocommerce_token_robinson#n640,cs_woocommerce_token_robinson#n640
131,Stephanie,James,Stephanie James,jamess@mcp.com,JsteuyatGI4v,canvas_token_JsteuyatGI4v,ck_woocommerce_token_JsteuyatGI4v,cs_woocommerce_token_JsteuyatGI4v
132,Melissa,Garcia,Melissa Garcia,melissag@mcp.com,Mgarcia639EQ,canvas_token_Mgarcia639EQ,ck_woocommerce_token_Mgarcia639EQ,cs_woocommerce_token_Mgarcia639EQ
133,Henry,Taylor,Henry Taylor,henry_taylor90@mcp.com,Htaylor822AC,canvas_token_Htaylor822AC,ck_woocommerce_token_Htaylor822AC,cs_woocommerce_token_Htaylor822AC
134,Alexander,Adams,Alexander Adams,alexander.adams@mcp.com,alexander_61,canvas_token_alexander_61,ck_woocommerce_token_alexander_61,cs_woocommerce_token_alexander_61
135,Amanda,Thompson,Amanda Thompson,amanda.thompson54@mcp.com,amanda_29UIi,canvas_token_amanda_29UIi,ck_woocommerce_token_amanda_29UIi,cs_woocommerce_token_amanda_29UIi
136,Raymond,Hall,Raymond Hall,rhall@mcp.com,raymond1999$,canvas_token_raymond1999$,ck_woocommerce_token_raymond1999$,cs_woocommerce_token_raymond1999$
137,Laura,Hall,Laura Hall,laura.hall@mcp.com,laura2004%fA,canvas_token_laura2004%fA,ck_woocommerce_token_laura2004%fA,cs_woocommerce_token_laura2004%fA
138,Sarah,Wood,Sarah Wood,sarah.wood@mcp.com,sarah_65eztV,canvas_token_sarah_65eztV,ck_woocommerce_token_sarah_65eztV,cs_woocommerce_token_sarah_65eztV
139,Janet,Rogers,Janet Rogers,janetr@mcp.com,Jrogers864D2,canvas_token_Jrogers864D2,ck_woocommerce_token_Jrogers864D2,cs_woocommerce_token_Jrogers864D2
140,Janet,Mendoza,Janet Mendoza,janet.mendoza@mcp.com,janet1997$71,canvas_token_janet1997$71,ck_woocommerce_token_janet1997$71,cs_woocommerce_token_janet1997$71
141,Timothy,Ruiz,Timothy Ruiz,truiz81@mcp.com,TR1022#GnpaG,canvas_token_TR1022#GnpaG,ck_woocommerce_token_TR1022#GnpaG,cs_woocommerce_token_TR1022#GnpaG
142,Martha,Watson,Martha Watson,martha.watson@mcp.com,Wmar7gldZwL2,canvas_token_Wmar7gldZwL2,ck_woocommerce_token_Wmar7gldZwL2,cs_woocommerce_token_Wmar7gldZwL2
143,Donald,Richardson,Donald Richardson,donald_richardson93@mcp.com,richardson#d763,canvas_token_richardson#d763,ck_woocommerce_token_richardson#d763,cs_woocommerce_token_richardson#d763
144,Shirley,Rodriguez,Shirley Rodriguez,shirley_rodriguez71@mcp.com,rodriguez#s811,canvas_token_rodriguez#s811,ck_woocommerce_token_rodriguez#s811,cs_woocommerce_token_rodriguez#s811
145,Alice,Ward,Alice Ward,warda@mcp.com,AW0925@TcB58,canvas_token_AW0925@TcB58,ck_woocommerce_token_AW0925@TcB58,cs_woocommerce_token_AW0925@TcB58
146,Frank,Phillips,Frank Phillips,fphillips@mcp.com,frank1987!92,canvas_token_frank1987!92,ck_woocommerce_token_frank1987!92,cs_woocommerce_token_frank1987!92
147,Raymond,Myers,Raymond Myers,myersr@mcp.com,Rmyers437fGs,canvas_token_Rmyers437fGs,ck_woocommerce_token_Rmyers437fGs,cs_woocommerce_token_Rmyers437fGs
148,Teresa,Nelson,Teresa Nelson,teresan@mcp.com,Tnelson113zm,canvas_token_Tnelson113zm,ck_woocommerce_token_Tnelson113zm,cs_woocommerce_token_Tnelson113zm
149,Deborah,Ortiz,Deborah Ortiz,deborah_ortiz@mcp.com,deborah_85Cs,canvas_token_deborah_85Cs,ck_woocommerce_token_deborah_85Cs,cs_woocommerce_token_deborah_85Cs
150,Teresa,Torres,Teresa Torres,teresat@mcp.com,TT1021#WQtww,canvas_token_TT1021#WQtww,ck_woocommerce_token_TT1021#WQtww,cs_woocommerce_token_TT1021#WQtww
151,Nicholas,Martinez,Nicholas Martinez,martinezn91@mcp.com,Mnicfk9fQ1Vz,canvas_token_Mnicfk9fQ1Vz,ck_woocommerce_token_Mnicfk9fQ1Vz,cs_woocommerce_token_Mnicfk9fQ1Vz
152,Angela,Ortiz,Angela Ortiz,aortiz@mcp.com,Oange0pgfxo8,canvas_token_Oange0pgfxo8,ck_woocommerce_token_Oange0pgfxo8,cs_woocommerce_token_Oange0pgfxo8
153,Stephanie,Rogers,Stephanie Rogers,rogerss68@mcp.com,rogers@s147g,canvas_token_rogers@s147g,ck_woocommerce_token_rogers@s147g,cs_woocommerce_token_rogers@s147g
154,Edward,James,Edward James,edward.james18@mcp.com,EJ0610@DOOnw,canvas_token_EJ0610@DOOnw,ck_woocommerce_token_EJ0610@DOOnw,cs_woocommerce_token_EJ0610@DOOnw
155,Ryan,Gonzalez,Ryan Gonzalez,ryang@mcp.com,RG0119#Ozsph,canvas_token_RG0119#Ozsph,ck_woocommerce_token_RG0119#Ozsph,cs_woocommerce_token_RG0119#Ozsph
156,Virginia,Cruz,Virginia Cruz,vcruz@mcp.com,virginia_52F,canvas_token_virginia_52F,ck_woocommerce_token_virginia_52F,cs_woocommerce_token_virginia_52F
157,Timothy,Reyes,Timothy Reyes,reyest@mcp.com,Rtimur81o83E,canvas_token_Rtimur81o83E,ck_woocommerce_token_Rtimur81o83E,cs_woocommerce_token_Rtimur81o83E
158,David,Davis,David Davis,ddavis@mcp.com,DD0219#zn9Jj,canvas_token_DD0219#zn9Jj,ck_woocommerce_token_DD0219#zn9Jj,cs_woocommerce_token_DD0219#zn9Jj
159,Alexander,Flores,Alexander Flores,floresa71@mcp.com,alexander_57,canvas_token_alexander_57,ck_woocommerce_token_alexander_57,cs_woocommerce_token_alexander_57
160,Jose,Wood,Jose Wood,jose.wood13@mcp.com,Wjosvhg0czyu,canvas_token_Wjosvhg0czyu,ck_woocommerce_token_Wjosvhg0czyu,cs_woocommerce_token_Wjosvhg0czyu
161,Andrew,Walker,Andrew Walker,awalker@mcp.com,walker@a905Z,canvas_token_walker@a905Z,ck_woocommerce_token_walker@a905Z,cs_woocommerce_token_walker@a905Z
162,Mark,Mendoza,Mark Mendoza,mendozam25@mcp.com,Mmarjcsk3xmS,canvas_token_Mmarjcsk3xmS,ck_woocommerce_token_Mmarjcsk3xmS,cs_woocommerce_token_Mmarjcsk3xmS
163,Gary,Sanchez,Gary Sanchez,gary.sanchez@mcp.com,gary1992#fav,canvas_token_gary1992#fav,ck_woocommerce_token_gary1992#fav,cs_woocommerce_token_gary1992#fav
164,Eric,Robinson,Eric Robinson,eric_robinson@mcp.com,ericRlYIFyyY,canvas_token_ericRlYIFyyY,ck_woocommerce_token_ericRlYIFyyY,cs_woocommerce_token_ericRlYIFyyY
165,Patricia,Hill,Patricia Hill,patriciah@mcp.com,Phill698sf5H,canvas_token_Phill698sf5H,ck_woocommerce_token_Phill698sf5H,cs_woocommerce_token_Phill698sf5H
166,Richard,Flores,Richard Flores,richard_flores77@mcp.com,richard_56B2,canvas_token_richard_56B2,ck_woocommerce_token_richard_56B2,cs_woocommerce_token_richard_56B2
167,Scott,Wright,Scott Wright,scott_wright58@mcp.com,scott1994%zo,canvas_token_scott1994%zo,ck_woocommerce_token_scott1994%zo,cs_woocommerce_token_scott1994%zo
168,Stephen,Parker,Stephen Parker,stephen_parker@mcp.com,Sparker900uz,canvas_token_Sparker900uz,ck_woocommerce_token_Sparker900uz,cs_woocommerce_token_Sparker900uz
169,Ronald,Mendoza,Ronald Mendoza,ronald_mendoza@mcp.com,ronadw40WbfU,canvas_token_ronadw40WbfU,ck_woocommerce_token_ronadw40WbfU,cs_woocommerce_token_ronadw40WbfU
170,Ronald,Cook,Ronald Cook,cookr@mcp.com,cook#r983eVB,canvas_token_cook#r983eVB,ck_woocommerce_token_cook#r983eVB,cs_woocommerce_token_cook#r983eVB
171,Andrew,Diaz,Andrew Diaz,adiaz88@mcp.com,Adiaz3408Jd8,canvas_token_Adiaz3408Jd8,ck_woocommerce_token_Adiaz3408Jd8,cs_woocommerce_token_Adiaz3408Jd8
172,Eric,Gomez,Eric Gomez,egomez65@mcp.com,eric_93LXrg4,canvas_token_eric_93LXrg4,ck_woocommerce_token_eric_93LXrg4,cs_woocommerce_token_eric_93LXrg4
173,Frances,Stewart,Frances Stewart,francess@mcp.com,frances2002!,canvas_token_frances2002!,ck_woocommerce_token_frances2002!,cs_woocommerce_token_frances2002!
174,Catherine,Reed,Catherine Reed,catherine.reed@mcp.com,Creed441Bxwk,canvas_token_Creed441Bxwk,ck_woocommerce_token_Creed441Bxwk,cs_woocommerce_token_Creed441Bxwk
175,Jerry,Sanders,Jerry Sanders,jerrys@mcp.com,jerry_639ZCi,canvas_token_jerry_639ZCi,ck_woocommerce_token_jerry_639ZCi,cs_woocommerce_token_jerry_639ZCi
176,Patrick,Morales,Patrick Morales,moralesp@mcp.com,patrick_11XU,canvas_token_patrick_11XU,ck_woocommerce_token_patrick_11XU,cs_woocommerce_token_patrick_11XU
177,Ruth,Scott,Ruth Scott,rscott53@mcp.com,RS0808!HvwzX,canvas_token_RS0808!HvwzX,ck_woocommerce_token_RS0808!HvwzX,cs_woocommerce_token_RS0808!HvwzX
178,Andrew,Wilson,Andrew Wilson,awilson@mcp.com,AW1007!vyvzw,canvas_token_AW1007!vyvzw,ck_woocommerce_token_AW1007!vyvzw,cs_woocommerce_token_AW1007!vyvzw
179,Janet,Lopez,Janet Lopez,janetl@mcp.com,Ljano8bh6dja,canvas_token_Ljano8bh6dja,ck_woocommerce_token_Ljano8bh6dja,cs_woocommerce_token_Ljano8bh6dja
180,Jason,Hernandez,Jason Hernandez,hernandezj@mcp.com,Jhernandez618,canvas_token_Jhernandez618,ck_woocommerce_token_Jhernandez618,cs_woocommerce_token_Jhernandez618
181,Anthony,White,Anthony White,anthonyw@mcp.com,Wantcjdelb7Q,canvas_token_Wantcjdelb7Q,ck_woocommerce_token_Wantcjdelb7Q,cs_woocommerce_token_Wantcjdelb7Q
182,Richard,Bennett,Richard Bennett,rbennett78@mcp.com,richard2004#,canvas_token_richard2004#,ck_woocommerce_token_richard2004#,cs_woocommerce_token_richard2004#
183,Raymond,Morgan,Raymond Morgan,raymondm713@mcp.com,raymond1985!,canvas_token_raymond1985!,ck_woocommerce_token_raymond1985!,cs_woocommerce_token_raymond1985!
184,Rebecca,Hall,Rebecca Hall,rebeccah@mcp.com,RH1124!XOFHX,canvas_token_RH1124!XOFHX,ck_woocommerce_token_RH1124!XOFHX,cs_woocommerce_token_RH1124!XOFHX
185,Anna,Wright,Anna Wright,anna.wright@mcp.com,AW0603#rzGef,canvas_token_AW0603#rzGef,ck_woocommerce_token_AW0603#rzGef,cs_woocommerce_token_AW0603#rzGef
186,Debra,Sanders,Debra Sanders,dsanders@mcp.com,sanders@d976,canvas_token_sanders@d976,ck_woocommerce_token_sanders@d976,cs_woocommerce_token_sanders@d976
187,Jennifer,Peterson,Jennifer Peterson,jennifer_peterson22@mcp.com,jennRznBZuZD,canvas_token_jennRznBZuZD,ck_woocommerce_token_jennRznBZuZD,cs_woocommerce_token_jennRznBZuZD
188,Sarah,Hernandez,Sarah Hernandez,sarah.hernandez@mcp.com,sarah_12PUPX,canvas_token_sarah_12PUPX,ck_woocommerce_token_sarah_12PUPX,cs_woocommerce_token_sarah_12PUPX
189,Andrew,Adams,Andrew Adams,aadams93@mcp.com,adams$a401Wy,canvas_token_adams$a401Wy,ck_woocommerce_token_adams$a401Wy,cs_woocommerce_token_adams$a401Wy
190,Larry,Wood,Larry Wood,larry_wood@mcp.com,LW0725!1Prbi,canvas_token_LW0725!1Prbi,ck_woocommerce_token_LW0725!1Prbi,cs_woocommerce_token_LW0725!1Prbi
191,Dennis,Howard,Dennis Howard,howardd@mcp.com,howard@d149Y,canvas_token_howard@d149Y,ck_woocommerce_token_howard@d149Y,cs_woocommerce_token_howard@d149Y
192,Alexander,Garcia,Alexander Garcia,alexander_garcia@mcp.com,Agarcia754Uu,canvas_token_Agarcia754Uu,ck_woocommerce_token_Agarcia754Uu,cs_woocommerce_token_Agarcia754Uu
193,Michael,Bennett,Michael Bennett,michaelb@mcp.com,michael_51aU,canvas_token_michael_51aU,ck_woocommerce_token_michael_51aU,cs_woocommerce_token_michael_51aU
194,Stephen,Gomez,Stephen Gomez,stepheng@mcp.com,Gsteqwb9GHRe,canvas_token_Gsteqwb9GHRe,ck_woocommerce_token_Gsteqwb9GHRe,cs_woocommerce_token_Gsteqwb9GHRe
195,Victoria,Ramos,Victoria Ramos,victoria_ramos@mcp.com,victoria_14z,canvas_token_victoria_14z,ck_woocommerce_token_victoria_14z,cs_woocommerce_token_victoria_14z
196,Aaron,Walker,Aaron Walker,aaronw95@mcp.com,aaron_836uFN,canvas_token_aaron_836uFN,ck_woocommerce_token_aaron_836uFN,cs_woocommerce_token_aaron_836uFN
197,James,Sanchez,James Sanchez,jamess894@mcp.com,Jsanchez918J,canvas_token_Jsanchez918J,ck_woocommerce_token_Jsanchez918J,cs_woocommerce_token_Jsanchez918J
198,Brian,Carter,Brian Carter,brianc@mcp.com,briaeparViEN,canvas_token_briaeparViEN,ck_woocommerce_token_briaeparViEN,cs_woocommerce_token_briaeparViEN
199,Christopher,Rivera,Christopher Rivera,crivera@mcp.com,christopher_35,canvas_token_christopher_35,ck_woocommerce_token_christopher_35,cs_woocommerce_token_christopher_35
200,Henry,James,Henry James,henry_james@mcp.com,Hjames196bC6,canvas_token_Hjames196bC6,ck_woocommerce_token_Hjames196bC6,cs_woocommerce_token_Hjames196bC6
201,Emma,Rivera,Emma Rivera,emmar@mcp.com,rivera#e632y,canvas_token_rivera#e632y,ck_woocommerce_token_rivera#e632y,cs_woocommerce_token_rivera#e632y
202,Helen,Garcia,Helen Garcia,garciah@mcp.com,helen_11SxUN,canvas_token_helen_11SxUN,ck_woocommerce_token_helen_11SxUN,cs_woocommerce_token_helen_11SxUN
203,Kimberly,Murphy,Kimberly Murphy,kimberlym82@mcp.com,KM0311#oG7OM,canvas_token_KM0311#oG7OM,ck_woocommerce_token_KM0311#oG7OM,cs_woocommerce_token_KM0311#oG7OM
204,Brian,James,Brian James,jamesb@mcp.com,bria8@kqGjus,canvas_token_bria8@kqGjus,ck_woocommerce_token_bria8@kqGjus,cs_woocommerce_token_bria8@kqGjus
205,Larry,Hall,Larry Hall,larry.hall8@mcp.com,hall@l575mTp,canvas_token_hall@l575mTp,ck_woocommerce_token_hall@l575mTp,cs_woocommerce_token_hall@l575mTp
206,Ashley,Williams,Ashley Williams,ashleyw@mcp.com,ashley2003$2,canvas_token_ashley2003$2,ck_woocommerce_token_ashley2003$2,cs_woocommerce_token_ashley2003$2
207,Scott,Castillo,Scott Castillo,scott_castillo@mcp.com,scott_24N85z,canvas_token_scott_24N85z,ck_woocommerce_token_scott_24N85z,cs_woocommerce_token_scott_24N85z
208,Sandra,Morgan,Sandra Morgan,smorgan88@mcp.com,morgan#s959t,canvas_token_morgan#s959t,ck_woocommerce_token_morgan#s959t,cs_woocommerce_token_morgan#s959t
209,Barbara,Flores,Barbara Flores,bflores@mcp.com,flores$b4063,canvas_token_flores$b4063,ck_woocommerce_token_flores$b4063,cs_woocommerce_token_flores$b4063
210,Deborah,Wilson,Deborah Wilson,deborah.wilson@mcp.com,debod8QRkqGa,canvas_token_debod8QRkqGa,ck_woocommerce_token_debod8QRkqGa,cs_woocommerce_token_debod8QRkqGa
211,Nicholas,Scott,Nicholas Scott,nicholas_scott@mcp.com,NS0224#9L2SN,canvas_token_NS0224#9L2SN,ck_woocommerce_token_NS0224#9L2SN,cs_woocommerce_token_NS0224#9L2SN
212,Pamela,Lopez,Pamela Lopez,plopez@mcp.com,pamela_92THJ,canvas_token_pamela_92THJ,ck_woocommerce_token_pamela_92THJ,cs_woocommerce_token_pamela_92THJ
213,Alice,Clark,Alice Clark,alice_clark8@mcp.com,alice_26TT2N,canvas_token_alice_26TT2N,ck_woocommerce_token_alice_26TT2N,cs_woocommerce_token_alice_26TT2N
214,Jason,Evans,Jason Evans,evansj@mcp.com,jasocmrPQNsg,canvas_token_jasocmrPQNsg,ck_woocommerce_token_jasocmrPQNsg,cs_woocommerce_token_jasocmrPQNsg
215,Jerry,Martin,Jerry Martin,jerry.martin78@mcp.com,MjerbxodTlOb,canvas_token_MjerbxodTlOb,ck_woocommerce_token_MjerbxodTlOb,cs_woocommerce_token_MjerbxodTlOb
216,Pamela,Brown,Pamela Brown,pamelab@mcp.com,pamela_690Ta,canvas_token_pamela_690Ta,ck_woocommerce_token_pamela_690Ta,cs_woocommerce_token_pamela_690Ta
217,Samuel,Miller,Samuel Miller,millers@mcp.com,Msamc1ykZ8c9,canvas_token_Msamc1ykZ8c9,ck_woocommerce_token_Msamc1ykZ8c9,cs_woocommerce_token_Msamc1ykZ8c9
218,Jack,Mendoza,Jack Mendoza,jack_mendoza@mcp.com,MjaccuukejNR,canvas_token_MjaccuukejNR,ck_woocommerce_token_MjaccuukejNR,cs_woocommerce_token_MjaccuukejNR
219,Jason,Ramos,Jason Ramos,jramos@mcp.com,ramos$j551kn,canvas_token_ramos$j551kn,ck_woocommerce_token_ramos$j551kn,cs_woocommerce_token_ramos$j551kn
220,Lisa,Ward,Lisa Ward,lisa.ward32@mcp.com,Lward687Jo1U,canvas_token_Lward687Jo1U,ck_woocommerce_token_Lward687Jo1U,cs_woocommerce_token_Lward687Jo1U
221,Helen,Wilson,Helen Wilson,hwilson30@mcp.com,Hwilson559qY,canvas_token_Hwilson559qY,ck_woocommerce_token_Hwilson559qY,cs_woocommerce_token_Hwilson559qY
222,Rebecca,Jackson,Rebecca Jackson,rebecca_jackson18@mcp.com,RJ1220!PGZkk,canvas_token_RJ1220!PGZkk,ck_woocommerce_token_RJ1220!PGZkk,cs_woocommerce_token_RJ1220!PGZkk
223,Pamela,Sanchez,Pamela Sanchez,pamelas@mcp.com,sanchez@p343,canvas_token_sanchez@p343,ck_woocommerce_token_sanchez@p343,cs_woocommerce_token_sanchez@p343
224,Jeffrey,Campbell,Jeffrey Campbell,jeffrey.campbell@mcp.com,jeffrey_8876,canvas_token_jeffrey_8876,ck_woocommerce_token_jeffrey_8876,cs_woocommerce_token_jeffrey_8876
225,Tracy,Nguyen,Tracy Nguyen,nguyent@mcp.com,TN1022@VY9gR,canvas_token_TN1022@VY9gR,ck_woocommerce_token_TN1022@VY9gR,cs_woocommerce_token_TN1022@VY9gR
226,Pamela,Robinson,Pamela Robinson,probinson@mcp.com,pamela_58GGa,canvas_token_pamela_58GGa,ck_woocommerce_token_pamela_58GGa,cs_woocommerce_token_pamela_58GGa
227,Stephanie,Robinson,Stephanie Robinson,stephanie.robinson@mcp.com,Rsteo5l9nQLv,canvas_token_Rsteo5l9nQLv,ck_woocommerce_token_Rsteo5l9nQLv,cs_woocommerce_token_Rsteo5l9nQLv
228,Kenneth,Ruiz,Kenneth Ruiz,ruizk@mcp.com,kennm1EZ2tKY,canvas_token_kennm1EZ2tKY,ck_woocommerce_token_kennm1EZ2tKY,cs_woocommerce_token_kennm1EZ2tKY
229,Nancy,Hill,Nancy Hill,nancy.hill@mcp.com,hill$n704L5k,canvas_token_hill$n704L5k,ck_woocommerce_token_hill$n704L5k,cs_woocommerce_token_hill$n704L5k
230,Cynthia,Mendoza,Cynthia Mendoza,cynthia.mendoza@mcp.com,cyntkS!n5YMB,canvas_token_cyntkS!n5YMB,ck_woocommerce_token_cyntkS!n5YMB,cs_woocommerce_token_cyntkS!n5YMB
231,Eric,Jackson,Eric Jackson,ejackson@mcp.com,EJ1026#K6k1m,canvas_token_EJ1026#K6k1m,ck_woocommerce_token_EJ1026#K6k1m,cs_woocommerce_token_EJ1026#K6k1m
232,Amanda,Evans,Amanda Evans,aevans@mcp.com,amanda1999%U,canvas_token_amanda1999%U,ck_woocommerce_token_amanda1999%U,cs_woocommerce_token_amanda1999%U
233,Kathleen,Jones,Kathleen Jones,kathleen.jones@mcp.com,jones#k913E1,canvas_token_jones#k913E1,ck_woocommerce_token_jones#k913E1,cs_woocommerce_token_jones#k913E1
234,Henry,Howard,Henry Howard,henry_howard51@mcp.com,howard$h6411,canvas_token_howard$h6411,ck_woocommerce_token_howard$h6411,cs_woocommerce_token_howard$h6411
235,Frances,Miller,Frances Miller,frances.miller@mcp.com,Fmiller952eD,canvas_token_Fmiller952eD,ck_woocommerce_token_Fmiller952eD,cs_woocommerce_token_Fmiller952eD
236,Jessica,Patel,Jessica Patel,jessicap@mcp.com,Pjesd5udJeL4,canvas_token_Pjesd5udJeL4,ck_woocommerce_token_Pjesd5udJeL4,cs_woocommerce_token_Pjesd5udJeL4
237,Ryan,Myers,Ryan Myers,rmyers81@mcp.com,myers$r890jM,canvas_token_myers$r890jM,ck_woocommerce_token_myers$r890jM,cs_woocommerce_token_myers$r890jM
238,Zachary,Baker,Zachary Baker,zachary.baker53@mcp.com,baker@z266gQ,canvas_token_baker@z266gQ,ck_woocommerce_token_baker@z266gQ,cs_woocommerce_token_baker@z266gQ
239,Pamela,Brooks,Pamela Brooks,pbrooks@mcp.com,Bpamh93rtr3S,canvas_token_Bpamh93rtr3S,ck_woocommerce_token_Bpamh93rtr3S,cs_woocommerce_token_Bpamh93rtr3S
240,Eric,Torres,Eric Torres,etorres4@mcp.com,Etorres2702r,canvas_token_Etorres2702r,ck_woocommerce_token_Etorres2702r,cs_woocommerce_token_Etorres2702r
241,Tyler,Perez,Tyler Perez,tyler_perez28@mcp.com,tyler2005%O6,canvas_token_tyler2005%O6,ck_woocommerce_token_tyler2005%O6,cs_woocommerce_token_tyler2005%O6
242,Janet,Brown,Janet Brown,brownj@mcp.com,jane3h80OHKr,canvas_token_jane3h80OHKr,ck_woocommerce_token_jane3h80OHKr,cs_woocommerce_token_jane3h80OHKr
243,Amanda,Wilson,Amanda Wilson,wilsona@mcp.com,wilson@a710z,canvas_token_wilson@a710z,ck_woocommerce_token_wilson@a710z,cs_woocommerce_token_wilson@a710z
244,Dorothy,Adams,Dorothy Adams,dorothya69@mcp.com,Adorb2ojGsO2,canvas_token_Adorb2ojGsO2,ck_woocommerce_token_Adorb2ojGsO2,cs_woocommerce_token_Adorb2ojGsO2
245,Aaron,Clark,Aaron Clark,aaron.clark@mcp.com,Aclark999cBm,canvas_token_Aclark999cBm,ck_woocommerce_token_Aclark999cBm,cs_woocommerce_token_Aclark999cBm
246,Deborah,Rodriguez,Deborah Rodriguez,drodriguez@mcp.com,Rdeb6iv9mhYF,canvas_token_Rdeb6iv9mhYF,ck_woocommerce_token_Rdeb6iv9mhYF,cs_woocommerce_token_Rdeb6iv9mhYF
247,David,Lopez,David Lopez,davidl35@mcp.com,david_28ejCC,canvas_token_david_28ejCC,ck_woocommerce_token_david_28ejCC,cs_woocommerce_token_david_28ejCC
248,Karen,White,Karen White,karen.white66@mcp.com,karen2000#vJ,canvas_token_karen2000#vJ,ck_woocommerce_token_karen2000#vJ,cs_woocommerce_token_karen2000#vJ
249,Alexander,Williams,Alexander Williams,alexander_williams@mcp.com,alexander1992!,canvas_token_alexander1992!,ck_woocommerce_token_alexander1992!,cs_woocommerce_token_alexander1992!
250,Samuel,Garcia,Samuel Garcia,samuel.garcia@mcp.com,Gsamd33iajSY,canvas_token_Gsamd33iajSY,ck_woocommerce_token_Gsamd33iajSY,cs_woocommerce_token_Gsamd33iajSY
251,Henry,Nguyen,Henry Nguyen,henryn@mcp.com,HN1215!s1iwh,canvas_token_HN1215!s1iwh,ck_woocommerce_token_HN1215!s1iwh,cs_woocommerce_token_HN1215!s1iwh
252,Robert,Collins,Robert Collins,robert.collins@mcp.com,Crob956eXbrs,canvas_token_Crob956eXbrs,ck_woocommerce_token_Crob956eXbrs,cs_woocommerce_token_Crob956eXbrs
253,Mark,Allen,Mark Allen,allenm@mcp.com,Mallen153C0A,canvas_token_Mallen153C0A,ck_woocommerce_token_Mallen153C0A,cs_woocommerce_token_Mallen153C0A
254,Joshua,Flores,Joshua Flores,floresj@mcp.com,joshucXcH3lQ,canvas_token_joshucXcH3lQ,ck_woocommerce_token_joshucXcH3lQ,cs_woocommerce_token_joshucXcH3lQ
255,Mary,Edwards,Mary Edwards,mary.edwards57@mcp.com,edwards#m354,canvas_token_edwards#m354,ck_woocommerce_token_edwards#m354,cs_woocommerce_token_edwards#m354
256,Stephen,Lewis,Stephen Lewis,slewis@mcp.com,step@RumdZLQ,canvas_token_step@RumdZLQ,ck_woocommerce_token_step@RumdZLQ,cs_woocommerce_token_step@RumdZLQ
257,Nicholas,Wilson,Nicholas Wilson,nwilson@mcp.com,NW1119!oB9x2,canvas_token_NW1119!oB9x2,ck_woocommerce_token_NW1119!oB9x2,cs_woocommerce_token_NW1119!oB9x2
258,Robert,Johnson,Robert Johnson,johnsonr@mcp.com,robert_93w4t,canvas_token_robert_93w4t,ck_woocommerce_token_robert_93w4t,cs_woocommerce_token_robert_93w4t
259,Deborah,Wright,Deborah Wright,deborahw99@mcp.com,Wdebrqp3HtMM,canvas_token_Wdebrqp3HtMM,ck_woocommerce_token_Wdebrqp3HtMM,cs_woocommerce_token_Wdebrqp3HtMM
260,Timothy,Carter,Timothy Carter,timothyc57@mcp.com,timothy1981#,canvas_token_timothy1981#,ck_woocommerce_token_timothy1981#,cs_woocommerce_token_timothy1981#
261,Kathleen,Kelly,Kathleen Kelly,kathleen_kelly@mcp.com,kelly$k896wb,canvas_token_kelly$k896wb,ck_woocommerce_token_kelly$k896wb,cs_woocommerce_token_kelly$k896wb
262,Andrew,Ramos,Andrew Ramos,ramosa@mcp.com,andrew1997%n,canvas_token_andrew1997%n,ck_woocommerce_token_andrew1997%n,cs_woocommerce_token_andrew1997%n
263,Edward,Davis,Edward Davis,edavis@mcp.com,edward1984%I,canvas_token_edward1984%I,ck_woocommerce_token_edward1984%I,cs_woocommerce_token_edward1984%I
264,Amanda,Chavez,Amanda Chavez,amanda_chavez@mcp.com,AC0115!KG93v,canvas_token_AC0115!KG93v,ck_woocommerce_token_AC0115!KG93v,cs_woocommerce_token_AC0115!KG93v
265,Eric,Murphy,Eric Murphy,emurphy@mcp.com,Emurphy593BN,canvas_token_Emurphy593BN,ck_woocommerce_token_Emurphy593BN,cs_woocommerce_token_Emurphy593BN
266,Anthony,Ortiz,Anthony Ortiz,anthonyo@mcp.com,anthony_99oe,canvas_token_anthony_99oe,ck_woocommerce_token_anthony_99oe,cs_woocommerce_token_anthony_99oe
267,Marie,Walker,Marie Walker,marie.walker@mcp.com,marie1997%w6,canvas_token_marie1997%w6,ck_woocommerce_token_marie1997%w6,cs_woocommerce_token_marie1997%w6
268,Samuel,Sanders,Samuel Sanders,samuel_sanders77@mcp.com,samuELK2omyy,canvas_token_samuELK2omyy,ck_woocommerce_token_samuELK2omyy,cs_woocommerce_token_samuELK2omyy
269,Alexander,Roberts,Alexander Roberts,alexanderr@mcp.com,Aroberts657c,canvas_token_Aroberts657c,ck_woocommerce_token_Aroberts657c,cs_woocommerce_token_Aroberts657c
270,Betty,Cooper,Betty Cooper,betty.cooper@mcp.com,Cbet09hlRzlF,canvas_token_Cbet09hlRzlF,ck_woocommerce_token_Cbet09hlRzlF,cs_woocommerce_token_Cbet09hlRzlF
271,Christina,Adams,Christina Adams,adamsc@mcp.com,christina1984#,canvas_token_christina1984#,ck_woocommerce_token_christina1984#,cs_woocommerce_token_christina1984#
272,Martha,Hill,Martha Hill,martha.hill@mcp.com,MH0904@AmDOP,canvas_token_MH0904@AmDOP,ck_woocommerce_token_MH0904@AmDOP,cs_woocommerce_token_MH0904@AmDOP
273,Michael,Reed,Michael Reed,michael.reed@mcp.com,RmicmtfbNbY9,canvas_token_RmicmtfbNbY9,ck_woocommerce_token_RmicmtfbNbY9,cs_woocommerce_token_RmicmtfbNbY9
274,Emily,Morris,Emily Morris,emorris@mcp.com,emilToFcuaDI,canvas_token_emilToFcuaDI,ck_woocommerce_token_emilToFcuaDI,cs_woocommerce_token_emilToFcuaDI
275,Timothy,Gomez,Timothy Gomez,timothy_gomez54@mcp.com,Tgomez601KXX,canvas_token_Tgomez601KXX,ck_woocommerce_token_Tgomez601KXX,cs_woocommerce_token_Tgomez601KXX
276,Mary,Torres,Mary Torres,maryt92@mcp.com,MT0216#cOldn,canvas_token_MT0216#cOldn,ck_woocommerce_token_MT0216#cOldn,cs_woocommerce_token_MT0216#cOldn
277,Shirley,Mendoza,Shirley Mendoza,mendozas52@mcp.com,Mshix5npfdQG,canvas_token_Mshix5npfdQG,ck_woocommerce_token_Mshix5npfdQG,cs_woocommerce_token_Mshix5npfdQG
278,Melissa,Martin,Melissa Martin,melissa.martin95@mcp.com,Mmartin536jK,canvas_token_Mmartin536jK,ck_woocommerce_token_Mmartin536jK,cs_woocommerce_token_Mmartin536jK
279,Thomas,Sanchez,Thomas Sanchez,thomas_sanchez8@mcp.com,TS1105!yw2iB,canvas_token_TS1105!yw2iB,ck_woocommerce_token_TS1105!yw2iB,cs_woocommerce_token_TS1105!yw2iB
280,Christina,Harris,Christina Harris,harrisc@mcp.com,Hchrgcn1RU4J,canvas_token_Hchrgcn1RU4J,ck_woocommerce_token_Hchrgcn1RU4J,cs_woocommerce_token_Hchrgcn1RU4J
281,Scott,Martin,Scott Martin,scottm@mcp.com,Msco4nkvFK8X,canvas_token_Msco4nkvFK8X,ck_woocommerce_token_Msco4nkvFK8X,cs_woocommerce_token_Msco4nkvFK8X
282,Tyler,Roberts,Tyler Roberts,tyler_roberts72@mcp.com,tyler1997@ib,canvas_token_tyler1997@ib,ck_woocommerce_token_tyler1997@ib,cs_woocommerce_token_tyler1997@ib
283,Thomas,Nelson,Thomas Nelson,tnelson@mcp.com,Tnelson6123v,canvas_token_Tnelson6123v,ck_woocommerce_token_Tnelson6123v,cs_woocommerce_token_Tnelson6123v
284,Steven,Thomas,Steven Thomas,sthomas@mcp.com,ST0608#6pK4u,canvas_token_ST0608#6pK4u,ck_woocommerce_token_ST0608#6pK4u,cs_woocommerce_token_ST0608#6pK4u
285,Raymond,Bennett,Raymond Bennett,bennettr@mcp.com,raymo#S!1NuB,canvas_token_raymo#S!1NuB,ck_woocommerce_token_raymo#S!1NuB,cs_woocommerce_token_raymo#S!1NuB
286,Melissa,Cruz,Melissa Cruz,mcruz@mcp.com,MC1011#DWhEw,canvas_token_MC1011#DWhEw,ck_woocommerce_token_MC1011#DWhEw,cs_woocommerce_token_MC1011#DWhEw
287,Sharon,Lewis,Sharon Lewis,lewiss@mcp.com,sharon_71TZ1,canvas_token_sharon_71TZ1,ck_woocommerce_token_sharon_71TZ1,cs_woocommerce_token_sharon_71TZ1
288,Mary,Alvarez,Mary Alvarez,alvarezm51@mcp.com,Amarsk4wDGD9,canvas_token_Amarsk4wDGD9,ck_woocommerce_token_Amarsk4wDGD9,cs_woocommerce_token_Amarsk4wDGD9
289,Emily,Stewart,Emily Stewart,stewarte98@mcp.com,Semick8bOXBz,canvas_token_Semick8bOXBz,ck_woocommerce_token_Semick8bOXBz,cs_woocommerce_token_Semick8bOXBz
290,Michael,Baker,Michael Baker,bakerm@mcp.com,michbpxJAcHu,canvas_token_michbpxJAcHu,ck_woocommerce_token_michbpxJAcHu,cs_woocommerce_token_michbpxJAcHu
291,Laura,Thompson,Laura Thompson,laura_thompson@mcp.com,laura_629snW,canvas_token_laura_629snW,ck_woocommerce_token_laura_629snW,cs_woocommerce_token_laura_629snW
292,Frank,Rodriguez,Frank Rodriguez,frankr45@mcp.com,franZdD4koR8,canvas_token_franZdD4koR8,ck_woocommerce_token_franZdD4koR8,cs_woocommerce_token_franZdD4koR8
293,Scott,Wright,Scott Wright,swright@mcp.com,scotaW1MyWaw,canvas_token_scotaW1MyWaw,ck_woocommerce_token_scotaW1MyWaw,cs_woocommerce_token_scotaW1MyWaw
294,Dennis,Watson,Dennis Watson,dennis.watson8@mcp.com,DW0817!terui,canvas_token_DW0817!terui,ck_woocommerce_token_DW0817!terui,cs_woocommerce_token_DW0817!terui
295,Nicholas,Reed,Nicholas Reed,reedn@mcp.com,NR1211!4fEwR,canvas_token_NR1211!4fEwR,ck_woocommerce_token_NR1211!4fEwR,cs_woocommerce_token_NR1211!4fEwR
296,Timothy,Mitchell,Timothy Mitchell,timothy_mitchell@mcp.com,TM0314!lUv1Z,canvas_token_TM0314!lUv1Z,ck_woocommerce_token_TM0314!lUv1Z,cs_woocommerce_token_TM0314!lUv1Z
297,Zachary,Robinson,Zachary Robinson,robinsonz@mcp.com,Zrobinson448,canvas_token_Zrobinson448,ck_woocommerce_token_Zrobinson448,cs_woocommerce_token_Zrobinson448
298,Stephen,Brooks,Stephen Brooks,stephenb@mcp.com,Bste6bjqAGmt,canvas_token_Bste6bjqAGmt,ck_woocommerce_token_Bste6bjqAGmt,cs_woocommerce_token_Bste6bjqAGmt
299,Brandon,Richardson,Brandon Richardson,brandonr@mcp.com,Rbra84wgGLfH,canvas_token_Rbra84wgGLfH,ck_woocommerce_token_Rbra84wgGLfH,cs_woocommerce_token_Rbra84wgGLfH
300,Richard,Lee,Richard Lee,richardl@mcp.com,richard1995!,canvas_token_richard1995!,ck_woocommerce_token_richard1995!,cs_woocommerce_token_richard1995!
301,Jennifer,Jones,Jennifer Jones,jenniferj31@mcp.com,Jjenhqywaah2,canvas_token_Jjenhqywaah2,ck_woocommerce_token_Jjenhqywaah2,cs_woocommerce_token_Jjenhqywaah2
302,John,Reed,John Reed,john_reed@mcp.com,JR0223@fTRgi,canvas_token_JR0223@fTRgi,ck_woocommerce_token_JR0223@fTRgi,cs_woocommerce_token_JR0223@fTRgi
303,Andrew,Diaz,Andrew Diaz,diaza48@mcp.com,AD0120#OSuSL,canvas_token_AD0120#OSuSL,ck_woocommerce_token_AD0120#OSuSL,cs_woocommerce_token_AD0120#OSuSL
304,Matthew,Bailey,Matthew Bailey,matthew.bailey32@mcp.com,MB0403!ZgB27,canvas_token_MB0403!ZgB27,ck_woocommerce_token_MB0403!ZgB27,cs_woocommerce_token_MB0403!ZgB27
305,Ryan,Gomez,Ryan Gomez,ryang13@mcp.com,RG0813!cFTd6,canvas_token_RG0813!cFTd6,ck_woocommerce_token_RG0813!cFTd6,cs_woocommerce_token_RG0813!cFTd6
306,Patricia,Watson,Patricia Watson,pwatson23@mcp.com,patrpD$ajw6P,canvas_token_patrpD$ajw6P,ck_woocommerce_token_patrpD$ajw6P,cs_woocommerce_token_patrpD$ajw6P
307,Kimberly,Murphy,Kimberly Murphy,kimberly.murphy@mcp.com,kimberly2000$,canvas_token_kimberly2000$,ck_woocommerce_token_kimberly2000$,cs_woocommerce_token_kimberly2000$
308,Edward,Ruiz,Edward Ruiz,edward.ruiz@mcp.com,ER0815#uvaLx,canvas_token_ER0815#uvaLx,ck_woocommerce_token_ER0815#uvaLx,cs_woocommerce_token_ER0815#uvaLx
309,Shirley,Edwards,Shirley Edwards,shirley_edwards@mcp.com,shirley_73al,canvas_token_shirley_73al,ck_woocommerce_token_shirley_73al,cs_woocommerce_token_shirley_73al
310,Catherine,Murphy,Catherine Murphy,murphyc@mcp.com,catherine1984%,canvas_token_catherine1984%,ck_woocommerce_token_catherine1984%,cs_woocommerce_token_catherine1984%
311,Sandra,Miller,Sandra Miller,sandra.miller@mcp.com,SM1212!VJy6B,canvas_token_SM1212!VJy6B,ck_woocommerce_token_SM1212!VJy6B,cs_woocommerce_token_SM1212!VJy6B
312,Carol,Carter,Carol Carter,carterc23@mcp.com,carol_22FZ0P,canvas_token_carol_22FZ0P,ck_woocommerce_token_carol_22FZ0P,cs_woocommerce_token_carol_22FZ0P
313,Michelle,Brooks,Michelle Brooks,michelle_brooks26@mcp.com,michoNZZe@Li,canvas_token_michoNZZe@Li,ck_woocommerce_token_michoNZZe@Li,cs_woocommerce_token_michoNZZe@Li
314,Steven,Morgan,Steven Morgan,smorgan@mcp.com,Msteb9yvjMIY,canvas_token_Msteb9yvjMIY,ck_woocommerce_token_Msteb9yvjMIY,cs_woocommerce_token_Msteb9yvjMIY
315,Carolyn,Alvarez,Carolyn Alvarez,calvarez@mcp.com,alvarez@c241,canvas_token_alvarez@c241,ck_woocommerce_token_alvarez@c241,cs_woocommerce_token_alvarez@c241
316,Jennifer,Castillo,Jennifer Castillo,castilloj@mcp.com,jennifer1993!,canvas_token_jennifer1993!,ck_woocommerce_token_jennifer1993!,cs_woocommerce_token_jennifer1993!
317,Andrew,Moore,Andrew Moore,moorea@mcp.com,moore$a6457i,canvas_token_moore$a6457i,ck_woocommerce_token_moore$a6457i,cs_woocommerce_token_moore$a6457i
318,Jessica,Chavez,Jessica Chavez,chavezj74@mcp.com,chavez$j329B,canvas_token_chavez$j329B,ck_woocommerce_token_chavez$j329B,cs_woocommerce_token_chavez$j329B
319,Melissa,Miller,Melissa Miller,melissa.miller28@mcp.com,meliD5A1HXBO,canvas_token_meliD5A1HXBO,ck_woocommerce_token_meliD5A1HXBO,cs_woocommerce_token_meliD5A1HXBO
320,Stephen,Patel,Stephen Patel,stephen_patel@mcp.com,patel$s108QD,canvas_token_patel$s108QD,ck_woocommerce_token_patel$s108QD,cs_woocommerce_token_patel$s108QD
321,Elizabeth,Martinez,Elizabeth Martinez,martineze@mcp.com,EM0426!5Gba4,canvas_token_EM0426!5Gba4,ck_woocommerce_token_EM0426!5Gba4,cs_woocommerce_token_EM0426!5Gba4
322,Emily,Cook,Emily Cook,emilyc79@mcp.com,emily1988%hc,canvas_token_emily1988%hc,ck_woocommerce_token_emily1988%hc,cs_woocommerce_token_emily1988%hc
323,Christina,Robinson,Christina Robinson,christinar@mcp.com,robinson@c819,canvas_token_robinson@c819,ck_woocommerce_token_robinson@c819,cs_woocommerce_token_robinson@c819
324,Alice,Davis,Alice Davis,aliced@mcp.com,alick#DbSlLU,canvas_token_alick#DbSlLU,ck_woocommerce_token_alick#DbSlLU,cs_woocommerce_token_alick#DbSlLU
325,Kenneth,Morris,Kenneth Morris,morrisk@mcp.com,KM0201#CbjbV,canvas_token_KM0201#CbjbV,ck_woocommerce_token_KM0201#CbjbV,cs_woocommerce_token_KM0201#CbjbV
326,Barbara,King,Barbara King,bking@mcp.com,Bking431YZba,canvas_token_Bking431YZba,ck_woocommerce_token_Bking431YZba,cs_woocommerce_token_Bking431YZba
327,Linda,Hughes,Linda Hughes,lhughes62@mcp.com,hughes#l6509,canvas_token_hughes#l6509,ck_woocommerce_token_hughes#l6509,cs_woocommerce_token_hughes#l6509
328,Tracy,Ortiz,Tracy Ortiz,tracy.ortiz15@mcp.com,Tortiz270nWq,canvas_token_Tortiz270nWq,ck_woocommerce_token_Tortiz270nWq,cs_woocommerce_token_Tortiz270nWq
329,Jack,Mitchell,Jack Mitchell,mitchellj40@mcp.com,jack2001%D6T,canvas_token_jack2001%D6T,ck_woocommerce_token_jack2001%D6T,cs_woocommerce_token_jack2001%D6T
330,Brenda,Clark,Brenda Clark,brenda.clark@mcp.com,clark@b5505y,canvas_token_clark@b5505y,ck_woocommerce_token_clark@b5505y,cs_woocommerce_token_clark@b5505y
331,Christine,Cox,Christine Cox,ccox@mcp.com,christine_84,canvas_token_christine_84,ck_woocommerce_token_christine_84,cs_woocommerce_token_christine_84
332,Melissa,Cox,Melissa Cox,mcox72@mcp.com,melissa_74Nb,canvas_token_melissa_74Nb,ck_woocommerce_token_melissa_74Nb,cs_woocommerce_token_melissa_74Nb
333,Linda,James,Linda James,jamesl@mcp.com,linda_73yAuR,canvas_token_linda_73yAuR,ck_woocommerce_token_linda_73yAuR,cs_woocommerce_token_linda_73yAuR
334,Jacob,Nguyen,Jacob Nguyen,jnguyen@mcp.com,Jnguyen634Bl,canvas_token_Jnguyen634Bl,ck_woocommerce_token_Jnguyen634Bl,cs_woocommerce_token_Jnguyen634Bl
335,Melissa,Robinson,Melissa Robinson,melissar@mcp.com,Mrobinson132,canvas_token_Mrobinson132,ck_woocommerce_token_Mrobinson132,cs_woocommerce_token_Mrobinson132
336,Jose,Anderson,Jose Anderson,jose_anderson87@mcp.com,Janderson878,canvas_token_Janderson878,ck_woocommerce_token_Janderson878,cs_woocommerce_token_Janderson878
337,Jason,Sanchez,Jason Sanchez,jasons@mcp.com,sanchez@j196,canvas_token_sanchez@j196,ck_woocommerce_token_sanchez@j196,cs_woocommerce_token_sanchez@j196
338,Alice,Gray,Alice Gray,alice_gray@mcp.com,alice_90zolj,canvas_token_alice_90zolj,ck_woocommerce_token_alice_90zolj,cs_woocommerce_token_alice_90zolj
339,Douglas,Chavez,Douglas Chavez,douglasc@mcp.com,dougAahuKL5T,canvas_token_dougAahuKL5T,ck_woocommerce_token_dougAahuKL5T,cs_woocommerce_token_dougAahuKL5T
340,Dorothy,Brown,Dorothy Brown,dbrown@mcp.com,DB0213!CEF7F,canvas_token_DB0213!CEF7F,ck_woocommerce_token_DB0213!CEF7F,cs_woocommerce_token_DB0213!CEF7F
341,Melissa,Morgan,Melissa Morgan,mmorgan@mcp.com,melissa2002@,canvas_token_melissa2002@,ck_woocommerce_token_melissa2002@,cs_woocommerce_token_melissa2002@
342,Samantha,Cox,Samantha Cox,samantha.cox54@mcp.com,samantha_24v,canvas_token_samantha_24v,ck_woocommerce_token_samantha_24v,cs_woocommerce_token_samantha_24v
343,Elizabeth,Bailey,Elizabeth Bailey,baileye27@mcp.com,elizabeth2001%,canvas_token_elizabeth2001%,ck_woocommerce_token_elizabeth2001%,cs_woocommerce_token_elizabeth2001%
344,Andrew,Sanchez,Andrew Sanchez,andrews@mcp.com,sanchez#a871,canvas_token_sanchez#a871,ck_woocommerce_token_sanchez#a871,cs_woocommerce_token_sanchez#a871
345,Emily,Evans,Emily Evans,emilye97@mcp.com,emilY9OecuX0,canvas_token_emilY9OecuX0,ck_woocommerce_token_emilY9OecuX0,cs_woocommerce_token_emilY9OecuX0
346,Robert,Smith,Robert Smith,roberts@mcp.com,robert_24PPP,canvas_token_robert_24PPP,ck_woocommerce_token_robert_24PPP,cs_woocommerce_token_robert_24PPP
347,Christine,Anderson,Christine Anderson,christinea@mcp.com,anderson#c980,canvas_token_anderson#c980,ck_woocommerce_token_anderson#c980,cs_woocommerce_token_anderson#c980
348,Jessica,Roberts,Jessica Roberts,jessica_roberts@mcp.com,RjeselgblVCi,canvas_token_RjeselgblVCi,ck_woocommerce_token_RjeselgblVCi,cs_woocommerce_token_RjeselgblVCi
349,Amy,Bennett,Amy Bennett,amy.bennett26@mcp.com,AB0909#Qulod,canvas_token_AB0909#Qulod,ck_woocommerce_token_AB0909#Qulod,cs_woocommerce_token_AB0909#Qulod
350,Benjamin,Cox,Benjamin Cox,benjamin.cox83@mcp.com,Bcox4803cwjm,canvas_token_Bcox4803cwjm,ck_woocommerce_token_Bcox4803cwjm,cs_woocommerce_token_Bcox4803cwjm
351,Susan,Ramirez,Susan Ramirez,susan_ramirez@mcp.com,susan1989$c4,canvas_token_susan1989$c4,ck_woocommerce_token_susan1989$c4,cs_woocommerce_token_susan1989$c4
352,Donna,Thompson,Donna Thompson,thompsond@mcp.com,Dthompson956,canvas_token_Dthompson956,ck_woocommerce_token_Dthompson956,cs_woocommerce_token_Dthompson956
353,Patricia,Richardson,Patricia Richardson,richardsonp@mcp.com,richardson@p953,canvas_token_richardson@p953,ck_woocommerce_token_richardson@p953,cs_woocommerce_token_richardson@p953
354,Matthew,Parker,Matthew Parker,mparker35@mcp.com,MP1223#3r9cl,canvas_token_MP1223#3r9cl,ck_woocommerce_token_MP1223#3r9cl,cs_woocommerce_token_MP1223#3r9cl
355,Linda,Smith,Linda Smith,smithl@mcp.com,smith$l669lD,canvas_token_smith$l669lD,ck_woocommerce_token_smith$l669lD,cs_woocommerce_token_smith$l669lD
356,Eric,Perez,Eric Perez,eric.perez@mcp.com,eric_83Hzs5w,canvas_token_eric_83Hzs5w,ck_woocommerce_token_eric_83Hzs5w,cs_woocommerce_token_eric_83Hzs5w
357,Linda,Taylor,Linda Taylor,ltaylor@mcp.com,linda_224CIx,canvas_token_linda_224CIx,ck_woocommerce_token_linda_224CIx,cs_woocommerce_token_linda_224CIx
358,Jessica,Kelly,Jessica Kelly,jessicak@mcp.com,kelly@j8625K,canvas_token_kelly@j8625K,ck_woocommerce_token_kelly@j8625K,cs_woocommerce_token_kelly@j8625K
359,Teresa,Watson,Teresa Watson,watsont@mcp.com,teresa1986#o,canvas_token_teresa1986#o,ck_woocommerce_token_teresa1986#o,cs_woocommerce_token_teresa1986#o
360,Dorothy,Miller,Dorothy Miller,dmiller@mcp.com,doroekQoYBc0,canvas_token_doroekQoYBc0,ck_woocommerce_token_doroekQoYBc0,cs_woocommerce_token_doroekQoYBc0
361,Jack,Martinez,Jack Martinez,jackm@mcp.com,jack1997#VoS,canvas_token_jack1997#VoS,ck_woocommerce_token_jack1997#VoS,cs_woocommerce_token_jack1997#VoS
362,Betty,Price,Betty Price,betty_price79@mcp.com,Bprice569BhB,canvas_token_Bprice569BhB,ck_woocommerce_token_Bprice569BhB,cs_woocommerce_token_Bprice569BhB
363,Alice,White,Alice White,alice.white@mcp.com,white$a493Ym,canvas_token_white$a493Ym,ck_woocommerce_token_white$a493Ym,cs_woocommerce_token_white$a493Ym
364,Angela,Nguyen,Angela Nguyen,angela_nguyen90@mcp.com,nguyen#a2016,canvas_token_nguyen#a2016,ck_woocommerce_token_nguyen#a2016,cs_woocommerce_token_nguyen#a2016
365,Charles,Gutierrez,Charles Gutierrez,gutierrezc90@mcp.com,GchaerigYFNE,canvas_token_GchaerigYFNE,ck_woocommerce_token_GchaerigYFNE,cs_woocommerce_token_GchaerigYFNE
366,Jeffrey,Bailey,Jeffrey Bailey,jeffrey.bailey@mcp.com,bailey@j225b,canvas_token_bailey@j225b,ck_woocommerce_token_bailey@j225b,cs_woocommerce_token_bailey@j225b
367,Joshua,Robinson,Joshua Robinson,joshua_robinson@mcp.com,Rjossak41dtL,canvas_token_Rjossak41dtL,ck_woocommerce_token_Rjossak41dtL,cs_woocommerce_token_Rjossak41dtL
368,Brandon,Harris,Brandon Harris,harrisb@mcp.com,BH1204#Twd7T,canvas_token_BH1204#Twd7T,ck_woocommerce_token_BH1204#Twd7T,cs_woocommerce_token_BH1204#Twd7T
369,Amanda,Lopez,Amanda Lopez,alopez@mcp.com,amanda_37pZw,canvas_token_amanda_37pZw,ck_woocommerce_token_amanda_37pZw,cs_woocommerce_token_amanda_37pZw
370,Ryan,Rogers,Ryan Rogers,ryanr18@mcp.com,ryan1989%jlH,canvas_token_ryan1989%jlH,ck_woocommerce_token_ryan1989%jlH,cs_woocommerce_token_ryan1989%jlH
371,Jeffrey,Martinez,Jeffrey Martinez,jmartinez@mcp.com,jeffPRZtm#Xf,canvas_token_jeffPRZtm#Xf,ck_woocommerce_token_jeffPRZtm#Xf,cs_woocommerce_token_jeffPRZtm#Xf
372,Benjamin,Reed,Benjamin Reed,benjaminr86@mcp.com,reed#b210Ia3,canvas_token_reed#b210Ia3,ck_woocommerce_token_reed#b210Ia3,cs_woocommerce_token_reed#b210Ia3
373,Samantha,Gonzalez,Samantha Gonzalez,samantha.gonzalez@mcp.com,sama!fDOt6yo,canvas_token_sama!fDOt6yo,ck_woocommerce_token_sama!fDOt6yo,cs_woocommerce_token_sama!fDOt6yo
374,Samuel,Morgan,Samuel Morgan,samuel.morgan42@mcp.com,Smorgan821t2,canvas_token_Smorgan821t2,ck_woocommerce_token_Smorgan821t2,cs_woocommerce_token_Smorgan821t2
375,Andrew,Thomas,Andrew Thomas,thomasa@mcp.com,Tand3qmgJ7xd,canvas_token_Tand3qmgJ7xd,ck_woocommerce_token_Tand3qmgJ7xd,cs_woocommerce_token_Tand3qmgJ7xd
376,Raymond,Hall,Raymond Hall,raymondh13@mcp.com,Hrayhz3cP8xz,canvas_token_Hrayhz3cP8xz,ck_woocommerce_token_Hrayhz3cP8xz,cs_woocommerce_token_Hrayhz3cP8xz
377,Carolyn,Alvarez,Carolyn Alvarez,alvarezc37@mcp.com,CA0510@MuP18,canvas_token_CA0510@MuP18,ck_woocommerce_token_CA0510@MuP18,cs_woocommerce_token_CA0510@MuP18
378,Cynthia,Bennett,Cynthia Bennett,bennettc@mcp.com,bennett@c739,canvas_token_bennett@c739,ck_woocommerce_token_bennett@c739,cs_woocommerce_token_bennett@c739
379,Donna,Sanders,Donna Sanders,dsanders316@mcp.com,sanders@d545,canvas_token_sanders@d545,ck_woocommerce_token_sanders@d545,cs_woocommerce_token_sanders@d545
380,Amy,Reyes,Amy Reyes,amy.reyes@mcp.com,Ramy7frprIDO,canvas_token_Ramy7frprIDO,ck_woocommerce_token_Ramy7frprIDO,cs_woocommerce_token_Ramy7frprIDO
381,Laura,Morgan,Laura Morgan,laura.morgan@mcp.com,morgan$l631K,canvas_token_morgan$l631K,ck_woocommerce_token_morgan$l631K,cs_woocommerce_token_morgan$l631K
382,Rebecca,Mitchell,Rebecca Mitchell,rebeccam@mcp.com,mitchell$r208,canvas_token_mitchell$r208,ck_woocommerce_token_mitchell$r208,cs_woocommerce_token_mitchell$r208
383,Tracy,Bailey,Tracy Bailey,baileyt@mcp.com,TB0701!PXdod,canvas_token_TB0701!PXdod,ck_woocommerce_token_TB0701!PXdod,cs_woocommerce_token_TB0701!PXdod
384,Jeffrey,Murphy,Jeffrey Murphy,jeffrey_murphy37@mcp.com,Jmurphy602Xt,canvas_token_Jmurphy602Xt,ck_woocommerce_token_Jmurphy602Xt,cs_woocommerce_token_Jmurphy602Xt
385,Jeffrey,Scott,Jeffrey Scott,jscott@mcp.com,jeffrey_61D7,canvas_token_jeffrey_61D7,ck_woocommerce_token_jeffrey_61D7,cs_woocommerce_token_jeffrey_61D7
386,Debra,Harris,Debra Harris,debrah@mcp.com,debra1983@15,canvas_token_debra1983@15,ck_woocommerce_token_debra1983@15,cs_woocommerce_token_debra1983@15
387,Ryan,Rodriguez,Ryan Rodriguez,rodriguezr69@mcp.com,Rryao75h4qaI,canvas_token_Rryao75h4qaI,ck_woocommerce_token_Rryao75h4qaI,cs_woocommerce_token_Rryao75h4qaI
388,Barbara,Lee,Barbara Lee,blee41@mcp.com,barbMDsw2F3o,canvas_token_barbMDsw2F3o,ck_woocommerce_token_barbMDsw2F3o,cs_woocommerce_token_barbMDsw2F3o
389,Victoria,Miller,Victoria Miller,victoriam@mcp.com,Vmiller3811g,canvas_token_Vmiller3811g,ck_woocommerce_token_Vmiller3811g,cs_woocommerce_token_Vmiller3811g
390,Carol,Nelson,Carol Nelson,caroln59@mcp.com,CN0121@Y0cU0,canvas_token_CN0121@Y0cU0,ck_woocommerce_token_CN0121@Y0cU0,cs_woocommerce_token_CN0121@Y0cU0
391,Angela,Gomez,Angela Gomez,angela_gomez@mcp.com,AG0920!b8egK,canvas_token_AG0920!b8egK,ck_woocommerce_token_AG0920!b8egK,cs_woocommerce_token_AG0920!b8egK
392,Aaron,Bailey,Aaron Bailey,abailey@mcp.com,Abailey142PW,canvas_token_Abailey142PW,ck_woocommerce_token_Abailey142PW,cs_woocommerce_token_Abailey142PW
393,Jeffrey,Lopez,Jeffrey Lopez,lopezj@mcp.com,jeffbRm7UdwE,canvas_token_jeffbRm7UdwE,ck_woocommerce_token_jeffbRm7UdwE,cs_woocommerce_token_jeffbRm7UdwE
394,Raymond,Jackson,Raymond Jackson,rjackson80@mcp.com,Rjackson128Z,canvas_token_Rjackson128Z,ck_woocommerce_token_Rjackson128Z,cs_woocommerce_token_Rjackson128Z
395,Mark,Allen,Mark Allen,marka@mcp.com,MA0619@QUI0w,canvas_token_MA0619@QUI0w,ck_woocommerce_token_MA0619@QUI0w,cs_woocommerce_token_MA0619@QUI0w
396,Eric,Reyes,Eric Reyes,reyese71@mcp.com,reyes@e375z9,canvas_token_reyes@e375z9,ck_woocommerce_token_reyes@e375z9,cs_woocommerce_token_reyes@e375z9
397,Michelle,Roberts,Michelle Roberts,micheller@mcp.com,michelle_60R,canvas_token_michelle_60R,ck_woocommerce_token_michelle_60R,cs_woocommerce_token_michelle_60R
398,William,Kelly,William Kelly,william_kelly49@mcp.com,willY7uw8UQ6,canvas_token_willY7uw8UQ6,ck_woocommerce_token_willY7uw8UQ6,cs_woocommerce_token_willY7uw8UQ6
399,Jose,Edwards,Jose Edwards,josee@mcp.com,edwards#j102,canvas_token_edwards#j102,ck_woocommerce_token_edwards#j102,cs_woocommerce_token_edwards#j102
400,Patrick,Lee,Patrick Lee,plee37@mcp.com,PL0221!9crka,canvas_token_PL0221!9crka,ck_woocommerce_token_PL0221!9crka,cs_woocommerce_token_PL0221!9crka
401,Jonathan,Patel,Jonathan Patel,jonathanp23@mcp.com,patel@j786IE,canvas_token_patel@j786IE,ck_woocommerce_token_patel@j786IE,cs_woocommerce_token_patel@j786IE
402,Paul,Nguyen,Paul Nguyen,pauln@mcp.com,Pnguyen931Uq,canvas_token_Pnguyen931Uq,ck_woocommerce_token_Pnguyen931Uq,cs_woocommerce_token_Pnguyen931Uq
403,Angela,Cox,Angela Cox,angela_cox@mcp.com,angela1996@S,canvas_token_angela1996@S,ck_woocommerce_token_angela1996@S,cs_woocommerce_token_angela1996@S
404,Tyler,Cruz,Tyler Cruz,tcruz@mcp.com,TC1027!KviR9,canvas_token_TC1027!KviR9,ck_woocommerce_token_TC1027!KviR9,cs_woocommerce_token_TC1027!KviR9
405,Dennis,Taylor,Dennis Taylor,taylord@mcp.com,DT0611#2H3QY,canvas_token_DT0611#2H3QY,ck_woocommerce_token_DT0611#2H3QY,cs_woocommerce_token_DT0611#2H3QY
406,Susan,Bailey,Susan Bailey,susan_bailey@mcp.com,Sbailey710Hw,canvas_token_Sbailey710Hw,ck_woocommerce_token_Sbailey710Hw,cs_woocommerce_token_Sbailey710Hw
407,Jeffrey,Bennett,Jeffrey Bennett,jeffreyb@mcp.com,jeffrey_24ir,canvas_token_jeffrey_24ir,ck_woocommerce_token_jeffrey_24ir,cs_woocommerce_token_jeffrey_24ir
408,Eric,Gonzalez,Eric Gonzalez,eric.gonzalez@mcp.com,Egonzalez533,canvas_token_Egonzalez533,ck_woocommerce_token_Egonzalez533,cs_woocommerce_token_Egonzalez533
409,Kevin,King,Kevin King,kevink@mcp.com,king#k431G2V,canvas_token_king#k431G2V,ck_woocommerce_token_king#k431G2V,cs_woocommerce_token_king#k431G2V
410,Gregory,Alvarez,Gregory Alvarez,galvarez77@mcp.com,alvarez@g654,canvas_token_alvarez@g654,ck_woocommerce_token_alvarez@g654,cs_woocommerce_token_alvarez@g654
411,Stephanie,Carter,Stephanie Carter,stephanie_carter@mcp.com,carter$s187o,canvas_token_carter$s187o,ck_woocommerce_token_carter$s187o,cs_woocommerce_token_carter$s187o
412,Kenneth,Anderson,Kenneth Anderson,kenneth.anderson13@mcp.com,Kanderson564,canvas_token_Kanderson564,ck_woocommerce_token_Kanderson564,cs_woocommerce_token_Kanderson564
413,George,Gonzalez,George Gonzalez,george.gonzalez@mcp.com,gonzalez#g577,canvas_token_gonzalez#g577,ck_woocommerce_token_gonzalez#g577,cs_woocommerce_token_gonzalez#g577
414,Charles,Williams,Charles Williams,cwilliams86@mcp.com,Wchaqhc5ZjAZ,canvas_token_Wchaqhc5ZjAZ,ck_woocommerce_token_Wchaqhc5ZjAZ,cs_woocommerce_token_Wchaqhc5ZjAZ
415,Raymond,Chavez,Raymond Chavez,raymond.chavez29@mcp.com,raymond2005#,canvas_token_raymond2005#,ck_woocommerce_token_raymond2005#,cs_woocommerce_token_raymond2005#
416,Stephen,Mendoza,Stephen Mendoza,stephenm@mcp.com,stephen2000@,canvas_token_stephen2000@,ck_woocommerce_token_stephen2000@,cs_woocommerce_token_stephen2000@
417,Jeffrey,Ramos,Jeffrey Ramos,jramos487@mcp.com,Rjef56bapOEq,canvas_token_Rjef56bapOEq,ck_woocommerce_token_Rjef56bapOEq,cs_woocommerce_token_Rjef56bapOEq
418,Donna,Hughes,Donna Hughes,hughesd@mcp.com,donna_44bTyg,canvas_token_donna_44bTyg,ck_woocommerce_token_donna_44bTyg,cs_woocommerce_token_donna_44bTyg
419,Dorothy,Campbell,Dorothy Campbell,dorothyc42@mcp.com,campbell$d659,canvas_token_campbell$d659,ck_woocommerce_token_campbell$d659,cs_woocommerce_token_campbell$d659
420,Janet,Rivera,Janet Rivera,janet_rivera@mcp.com,JR0703!PFg3B,canvas_token_JR0703!PFg3B,ck_woocommerce_token_JR0703!PFg3B,cs_woocommerce_token_JR0703!PFg3B
421,Joseph,Wood,Joseph Wood,joseph_wood@mcp.com,Wjosno38g7rj,canvas_token_Wjosno38g7rj,ck_woocommerce_token_Wjosno38g7rj,cs_woocommerce_token_Wjosno38g7rj
422,Christina,Nguyen,Christina Nguyen,cnguyen@mcp.com,Cnguyen4255D,canvas_token_Cnguyen4255D,ck_woocommerce_token_Cnguyen4255D,cs_woocommerce_token_Cnguyen4255D
423,Lisa,Gomez,Lisa Gomez,lisa_gomez@mcp.com,lisa_80GO9uE,canvas_token_lisa_80GO9uE,ck_woocommerce_token_lisa_80GO9uE,cs_woocommerce_token_lisa_80GO9uE
424,Sandra,Hughes,Sandra Hughes,hughess@mcp.com,hughes#s825I,canvas_token_hughes#s825I,ck_woocommerce_token_hughes#s825I,cs_woocommerce_token_hughes#s825I
425,Jeffrey,Ortiz,Jeffrey Ortiz,ortizj@mcp.com,ortiz@j3451a,canvas_token_ortiz@j3451a,ck_woocommerce_token_ortiz@j3451a,cs_woocommerce_token_ortiz@j3451a
426,Debra,Diaz,Debra Diaz,debra_diaz@mcp.com,debrdcLMU7Nb,canvas_token_debrdcLMU7Nb,ck_woocommerce_token_debrdcLMU7Nb,cs_woocommerce_token_debrdcLMU7Nb
427,Jessica,Watson,Jessica Watson,jessicaw@mcp.com,watson#j303w,canvas_token_watson#j303w,ck_woocommerce_token_watson#j303w,cs_woocommerce_token_watson#j303w
428,Patricia,Price,Patricia Price,patricia.price@mcp.com,patricia_78D,canvas_token_patricia_78D,ck_woocommerce_token_patricia_78D,cs_woocommerce_token_patricia_78D
429,Nancy,Howard,Nancy Howard,nhoward@mcp.com,NH0719@u4NWN,canvas_token_NH0719@u4NWN,ck_woocommerce_token_NH0719@u4NWN,cs_woocommerce_token_NH0719@u4NWN
430,Elizabeth,Campbell,Elizabeth Campbell,campbelle55@mcp.com,elizabeth_45,canvas_token_elizabeth_45,ck_woocommerce_token_elizabeth_45,cs_woocommerce_token_elizabeth_45
431,Anthony,James,Anthony James,jamesa31@mcp.com,anthony_62Sl,canvas_token_anthony_62Sl,ck_woocommerce_token_anthony_62Sl,cs_woocommerce_token_anthony_62Sl
432,Jacob,Morales,Jacob Morales,jmorales98@mcp.com,Jmorales237v,canvas_token_Jmorales237v,ck_woocommerce_token_Jmorales237v,cs_woocommerce_token_Jmorales237v
433,Jose,Parker,Jose Parker,jose_parker52@mcp.com,joseN6eNsDoj,canvas_token_joseN6eNsDoj,ck_woocommerce_token_joseN6eNsDoj,cs_woocommerce_token_joseN6eNsDoj
434,Lisa,Mendoza,Lisa Mendoza,lisa.mendoza@mcp.com,mendoza@l465,canvas_token_mendoza@l465,ck_woocommerce_token_mendoza@l465,cs_woocommerce_token_mendoza@l465
435,Mary,Ruiz,Mary Ruiz,mruiz31@mcp.com,Rmarqw29FZ3N,canvas_token_Rmarqw29FZ3N,ck_woocommerce_token_Rmarqw29FZ3N,cs_woocommerce_token_Rmarqw29FZ3N
436,Thomas,Rogers,Thomas Rogers,thomas_rogers@mcp.com,Trogers960iI,canvas_token_Trogers960iI,ck_woocommerce_token_Trogers960iI,cs_woocommerce_token_Trogers960iI
437,Edward,Campbell,Edward Campbell,edward.campbell@mcp.com,edward1981#g,canvas_token_edward1981#g,ck_woocommerce_token_edward1981#g,cs_woocommerce_token_edward1981#g
438,Emma,Brooks,Emma Brooks,emmab28@mcp.com,brooks$e5664,canvas_token_brooks$e5664,ck_woocommerce_token_brooks$e5664,cs_woocommerce_token_brooks$e5664
439,Susan,Gomez,Susan Gomez,susan.gomez@mcp.com,Sgomez7606sx,canvas_token_Sgomez7606sx,ck_woocommerce_token_Sgomez7606sx,cs_woocommerce_token_Sgomez7606sx
440,Martha,Moore,Martha Moore,mmoore@mcp.com,Mmarn0i0OCpi,canvas_token_Mmarn0i0OCpi,ck_woocommerce_token_Mmarn0i0OCpi,cs_woocommerce_token_Mmarn0i0OCpi
441,Angela,Sanders,Angela Sanders,angela.sanders@mcp.com,AS0920#bz4qw,canvas_token_AS0920#bz4qw,ck_woocommerce_token_AS0920#bz4qw,cs_woocommerce_token_AS0920#bz4qw
442,Andrew,Hall,Andrew Hall,halla@mcp.com,Hand1qefH9aH,canvas_token_Hand1qefH9aH,ck_woocommerce_token_Hand1qefH9aH,cs_woocommerce_token_Hand1qefH9aH
443,Virginia,Hernandez,Virginia Hernandez,virginia.hernandez@mcp.com,VH0514@bviVm,canvas_token_VH0514@bviVm,ck_woocommerce_token_VH0514@bviVm,cs_woocommerce_token_VH0514@bviVm
444,Mary,Miller,Mary Miller,mary.miller72@mcp.com,mary_58Ji7tA,canvas_token_mary_58Ji7tA,ck_woocommerce_token_mary_58Ji7tA,cs_woocommerce_token_mary_58Ji7tA
445,Aaron,Davis,Aaron Davis,aaron_davis@mcp.com,aaroawzx!gzl,canvas_token_aaroawzx!gzl,ck_woocommerce_token_aaroawzx!gzl,cs_woocommerce_token_aaroawzx!gzl
446,Edward,Jackson,Edward Jackson,edwardj@mcp.com,jackson#e955,canvas_token_jackson#e955,ck_woocommerce_token_jackson#e955,cs_woocommerce_token_jackson#e955
447,Nicholas,Robinson,Nicholas Robinson,nicholasr@mcp.com,nich87vaUQoj,canvas_token_nich87vaUQoj,ck_woocommerce_token_nich87vaUQoj,cs_woocommerce_token_nich87vaUQoj
448,Kevin,Ward,Kevin Ward,kevin_ward46@mcp.com,Kward2191LNJ,canvas_token_Kward2191LNJ,ck_woocommerce_token_Kward2191LNJ,cs_woocommerce_token_Kward2191LNJ
449,Anna,Green,Anna Green,anna.green@mcp.com,anna_7630QLm,canvas_token_anna_7630QLm,ck_woocommerce_token_anna_7630QLm,cs_woocommerce_token_anna_7630QLm
450,Laura,Cooper,Laura Cooper,laura.cooper@mcp.com,Lcooper971ql,canvas_token_Lcooper971ql,ck_woocommerce_token_Lcooper971ql,cs_woocommerce_token_Lcooper971ql
451,Catherine,Flores,Catherine Flores,floresc@mcp.com,CF0913#oMw2H,canvas_token_CF0913#oMw2H,ck_woocommerce_token_CF0913#oMw2H,cs_woocommerce_token_CF0913#oMw2H
452,Larry,Nelson,Larry Nelson,larry.nelson@mcp.com,larry_44RvNl,canvas_token_larry_44RvNl,ck_woocommerce_token_larry_44RvNl,cs_woocommerce_token_larry_44RvNl
453,John,Morales,John Morales,john_morales@mcp.com,morales#j510,canvas_token_morales#j510,ck_woocommerce_token_morales#j510,cs_woocommerce_token_morales#j510
454,Michael,Turner,Michael Turner,michaelt@mcp.com,MT0706@2WJUH,canvas_token_MT0706@2WJUH,ck_woocommerce_token_MT0706@2WJUH,cs_woocommerce_token_MT0706@2WJUH
455,Christine,Baker,Christine Baker,christine_baker@mcp.com,CB1026@gsrS6,canvas_token_CB1026@gsrS6,ck_woocommerce_token_CB1026@gsrS6,cs_woocommerce_token_CB1026@gsrS6
456,Mark,Scott,Mark Scott,mark_scott14@mcp.com,markj4TSN#Mr,canvas_token_markj4TSN#Mr,ck_woocommerce_token_markj4TSN#Mr,cs_woocommerce_token_markj4TSN#Mr
457,Andrew,Morris,Andrew Morris,amorris49@mcp.com,AM0916!E6TYD,canvas_token_AM0916!E6TYD,ck_woocommerce_token_AM0916!E6TYD,cs_woocommerce_token_AM0916!E6TYD
458,Anthony,Green,Anthony Green,agreen@mcp.com,green$a540Ps,canvas_token_green$a540Ps,ck_woocommerce_token_green$a540Ps,cs_woocommerce_token_green$a540Ps
459,Deborah,Lee,Deborah Lee,deborah.lee12@mcp.com,deboxvgktHQA,canvas_token_deboxvgktHQA,ck_woocommerce_token_deboxvgktHQA,cs_woocommerce_token_deboxvgktHQA
460,Helen,Brown,Helen Brown,helen_brown@mcp.com,heleRjvoqtFH,canvas_token_heleRjvoqtFH,ck_woocommerce_token_heleRjvoqtFH,cs_woocommerce_token_heleRjvoqtFH
461,Nicholas,Gonzalez,Nicholas Gonzalez,nicholas_gonzalez@mcp.com,NG1216#UQwAS,canvas_token_NG1216#UQwAS,ck_woocommerce_token_NG1216#UQwAS,cs_woocommerce_token_NG1216#UQwAS
462,Brenda,Brown,Brenda Brown,brenda_brown89@mcp.com,brenda_23g57,canvas_token_brenda_23g57,ck_woocommerce_token_brenda_23g57,cs_woocommerce_token_brenda_23g57
463,Lisa,Cruz,Lisa Cruz,lisac33@mcp.com,lisa1982$ztZ,canvas_token_lisa1982$ztZ,ck_woocommerce_token_lisa1982$ztZ,cs_woocommerce_token_lisa1982$ztZ
464,Ryan,Allen,Ryan Allen,allenr@mcp.com,allen@r660jc,canvas_token_allen@r660jc,ck_woocommerce_token_allen@r660jc,cs_woocommerce_token_allen@r660jc
465,James,Ramos,James Ramos,ramosj@mcp.com,jamefEAarr2x,canvas_token_jamefEAarr2x,ck_woocommerce_token_jamefEAarr2x,cs_woocommerce_token_jamefEAarr2x
466,Mary,Morris,Mary Morris,mary.morris70@mcp.com,morris$m380O,canvas_token_morris$m380O,ck_woocommerce_token_morris$m380O,cs_woocommerce_token_morris$m380O
467,Dorothy,Robinson,Dorothy Robinson,dorothyr23@mcp.com,Rdorh7w7CdKP,canvas_token_Rdorh7w7CdKP,ck_woocommerce_token_Rdorh7w7CdKP,cs_woocommerce_token_Rdorh7w7CdKP
468,Helen,Wood,Helen Wood,helenw@mcp.com,helea3yTfjj5,canvas_token_helea3yTfjj5,ck_woocommerce_token_helea3yTfjj5,cs_woocommerce_token_helea3yTfjj5
469,Brenda,Cruz,Brenda Cruz,brenda_cruz@mcp.com,brenda1997@C,canvas_token_brenda1997@C,ck_woocommerce_token_brenda1997@C,cs_woocommerce_token_brenda1997@C
470,Aaron,Ward,Aaron Ward,aaron_ward@mcp.com,aarol3nUsqvl,canvas_token_aarol3nUsqvl,ck_woocommerce_token_aarol3nUsqvl,cs_woocommerce_token_aarol3nUsqvl
471,Virginia,Brown,Virginia Brown,virginiab@mcp.com,virgf7!n4awv,canvas_token_virgf7!n4awv,ck_woocommerce_token_virgf7!n4awv,cs_woocommerce_token_virgf7!n4awv
472,Robert,Mitchell,Robert Mitchell,robert_mitchell55@mcp.com,MrobgkqdZhSQ,canvas_token_MrobgkqdZhSQ,ck_woocommerce_token_MrobgkqdZhSQ,cs_woocommerce_token_MrobgkqdZhSQ
473,Mary,Evans,Mary Evans,mevans@mcp.com,Mevans8988nr,canvas_token_Mevans8988nr,ck_woocommerce_token_Mevans8988nr,cs_woocommerce_token_Mevans8988nr
474,Richard,Chavez,Richard Chavez,richard_chavez@mcp.com,RC0913@3rN1T,canvas_token_RC0913@3rN1T,ck_woocommerce_token_RC0913@3rN1T,cs_woocommerce_token_RC0913@3rN1T
475,Christina,Perez,Christina Perez,perezc37@mcp.com,christina1985#,canvas_token_christina1985#,ck_woocommerce_token_christina1985#,cs_woocommerce_token_christina1985#
476,Andrew,Roberts,Andrew Roberts,robertsa@mcp.com,Aroberts549w,canvas_token_Aroberts549w,ck_woocommerce_token_Aroberts549w,cs_woocommerce_token_Aroberts549w
477,Raymond,Morales,Raymond Morales,raymond.morales61@mcp.com,raymond1996%,canvas_token_raymond1996%,ck_woocommerce_token_raymond1996%,cs_woocommerce_token_raymond1996%
478,James,Cox,James Cox,jcox18@mcp.com,james_21Z3nA,canvas_token_james_21Z3nA,ck_woocommerce_token_james_21Z3nA,cs_woocommerce_token_james_21Z3nA
479,Matthew,Clark,Matthew Clark,matthewc@mcp.com,Mclark207eX6,canvas_token_Mclark207eX6,ck_woocommerce_token_Mclark207eX6,cs_woocommerce_token_Mclark207eX6
480,Debra,Brooks,Debra Brooks,debra.brooks@mcp.com,BdebvbnxxoGV,canvas_token_BdebvbnxxoGV,ck_woocommerce_token_BdebvbnxxoGV,cs_woocommerce_token_BdebvbnxxoGV
481,Emily,Edwards,Emily Edwards,edwardse@mcp.com,EE0920#Nga18,canvas_token_EE0920#Nga18,ck_woocommerce_token_EE0920#Nga18,cs_woocommerce_token_EE0920#Nga18
482,Linda,Murphy,Linda Murphy,murphyl@mcp.com,murphy$l389b,canvas_token_murphy$l389b,ck_woocommerce_token_murphy$l389b,cs_woocommerce_token_murphy$l389b
483,Marie,Wilson,Marie Wilson,marie.wilson@mcp.com,wilson#m571u,canvas_token_wilson#m571u,ck_woocommerce_token_wilson#m571u,cs_woocommerce_token_wilson#m571u
484,Tyler,Gray,Tyler Gray,tgray@mcp.com,Tgray460ODjb,canvas_token_Tgray460ODjb,ck_woocommerce_token_Tgray460ODjb,cs_woocommerce_token_Tgray460ODjb
485,Shirley,Nelson,Shirley Nelson,shirleyn27@mcp.com,SN0726!76SNC,canvas_token_SN0726!76SNC,ck_woocommerce_token_SN0726!76SNC,cs_woocommerce_token_SN0726!76SNC
486,Dorothy,Edwards,Dorothy Edwards,dorothy.edwards@mcp.com,Dedwards902G,canvas_token_Dedwards902G,ck_woocommerce_token_Dedwards902G,cs_woocommerce_token_Dedwards902G
487,Anthony,Young,Anthony Young,anthony.young28@mcp.com,anth$oqVx5zD,canvas_token_anth$oqVx5zD,ck_woocommerce_token_anth$oqVx5zD,cs_woocommerce_token_anth$oqVx5zD
488,Maria,Hernandez,Maria Hernandez,hernandezm@mcp.com,Mhernandez521,canvas_token_Mhernandez521,ck_woocommerce_token_Mhernandez521,cs_woocommerce_token_Mhernandez521
489,Jennifer,Baker,Jennifer Baker,jennifer.baker@mcp.com,jennifer1994#,canvas_token_jennifer1994#,ck_woocommerce_token_jennifer1994#,cs_woocommerce_token_jennifer1994#
490,Victoria,Jackson,Victoria Jackson,jacksonv8@mcp.com,Vjackson415e,canvas_token_Vjackson415e,ck_woocommerce_token_Vjackson415e,cs_woocommerce_token_Vjackson415e
491,Debra,Rogers,Debra Rogers,drogers@mcp.com,Rdeb6zzuaSJZ,canvas_token_Rdeb6zzuaSJZ,ck_woocommerce_token_Rdeb6zzuaSJZ,cs_woocommerce_token_Rdeb6zzuaSJZ
492,Marie,Green,Marie Green,greenm@mcp.com,Mgreen922VhG,canvas_token_Mgreen922VhG,ck_woocommerce_token_Mgreen922VhG,cs_woocommerce_token_Mgreen922VhG
493,Laura,Green,Laura Green,greenl@mcp.com,green#l285Sq,canvas_token_green#l285Sq,ck_woocommerce_token_green#l285Sq,cs_woocommerce_token_green#l285Sq
494,Frank,Allen,Frank Allen,franka73@mcp.com,Afraai6ezopv,canvas_token_Afraai6ezopv,ck_woocommerce_token_Afraai6ezopv,cs_woocommerce_token_Afraai6ezopv
495,George,Morris,George Morris,morrisg31@mcp.com,georoHqsjVbU,canvas_token_georoHqsjVbU,ck_woocommerce_token_georoHqsjVbU,cs_woocommerce_token_georoHqsjVbU
496,Debra,Chavez,Debra Chavez,debrac99@mcp.com,chavez@d485Y,canvas_token_chavez@d485Y,ck_woocommerce_token_chavez@d485Y,cs_woocommerce_token_chavez@d485Y
497,Stephen,Sanchez,Stephen Sanchez,stephens@mcp.com,Sste36un0jFb,canvas_token_Sste36un0jFb,ck_woocommerce_token_Sste36un0jFb,cs_woocommerce_token_Sste36un0jFb
498,Emily,Ruiz,Emily Ruiz,emily_ruiz@mcp.com,emily2001$Qe,canvas_token_emily2001$Qe,ck_woocommerce_token_emily2001$Qe,cs_woocommerce_token_emily2001$Qe
499,Paul,Hall,Paul Hall,phall62@mcp.com,hall#p438myb,canvas_token_hall#p438myb,ck_woocommerce_token_hall#p438myb,cs_woocommerce_token_hall#p438myb
500,Helen,Reed,Helen Reed,reedh29@mcp.com,helen1983#7k,canvas_token_helen1983#7k,ck_woocommerce_token_helen1983#7k,cs_woocommerce_token_helen1983#7k
